lm_0_x,lm_0_y,lm_0_z,lm_1_x,lm_1_y,lm_1_z,lm_2_x,lm_2_y,lm_2_z,lm_3_x,lm_3_y,lm_3_z,lm_4_x,lm_4_y,lm_4_z,lm_5_x,lm_5_y,lm_5_z,lm_6_x,lm_6_y,lm_6_z,lm_7_x,lm_7_y,lm_7_z,lm_8_x,lm_8_y,lm_8_z,lm_9_x,lm_9_y,lm_9_z,lm_10_x,lm_10_y,lm_10_z,lm_11_x,lm_11_y,lm_11_z,lm_12_x,lm_12_y,lm_12_z,lm_13_x,lm_13_y,lm_13_z,lm_14_x,lm_14_y,lm_14_z,lm_15_x,lm_15_y,lm_15_z,lm_16_x,lm_16_y,lm_16_z,lm_17_x,lm_17_y,lm_17_z,lm_18_x,lm_18_y,lm_18_z,lm_19_x,lm_19_y,lm_19_z,lm_20_x,lm_20_y,lm_20_z,lm_21_x,lm_21_y,lm_21_z,lm_22_x,lm_22_y,lm_22_z,lm_23_x,lm_23_y,lm_23_z,lm_24_x,lm_24_y,lm_24_z,lm_25_x,lm_25_y,lm_25_z,lm_26_x,lm_26_y,lm_26_z,lm_27_x,lm_27_y,lm_27_z,lm_28_x,lm_28_y,lm_28_z,lm_29_x,lm_29_y,lm_29_z,lm_30_x,lm_30_y,lm_30_z,lm_31_x,lm_31_y,lm_31_z,lm_32_x,lm_32_y,lm_32_z,clase
0.7137335538864136,0.18168777227401733,-0.16292665898799896,0.7263761162757874,0.186745285987854,-0.1847338229417801,0.7271767258644104,0.19000479578971863,-0.1849970519542694,0.727836549282074,0.19306176900863647,-0.18490976095199585,0.7264795303344727,0.1867986023426056,-0.15011605620384216,0.7272015810012817,0.189934641122818,-0.15040411055088043,0.7279635667800903,0.19307103753089905,-0.15054228901863098,0.7295066118240356,0.22357243299484253,-0.23478829860687256,0.7288917303085327,0.22353142499923706,-0.07848281413316727,0.7035548686981201,0.19954416155815125,-0.17437587678432465,0.7030146718025208,0.19983071088790894,-0.13120396435260773,0.6919841170310974,0.3006594181060791,-0.2973953187465668,0.6960353851318359,0.3184858560562134,0.05443007871508598,0.6431800723075867,0.4411981701850891,-0.3302971124649048,0.639094889163971,0.43857598304748535,0.09626595675945282,0.5634497404098511,0.4716194272041321,-0.3096616268157959,0.575594961643219,0.49815112352371216,0.03186247497797012,0.5398368239402771,0.48189055919647217,-0.3379731774330139,0.5553014874458313,0.5067100524902344,0.02757951244711876,0.5380725860595703,0.4720706343650818,-0.3316599428653717,0.5526443123817444,0.4988497197628021,-0.0036421767435967922,0.5448539853096008,0.4691130816936493,-0.3036285936832428,0.5615602135658264,0.49375954270362854,0.01577923260629177,0.5837173461914062,0.5122917890548706,-0.11241818964481354,0.5897023677825928,0.520330011844635,0.11241231113672256,0.47217509150505066,0.5797755122184753,-0.021616889163851738,0.4942581057548523,0.6137637495994568,0.16621071100234985,0.3569257855415344,0.6706628799438477,0.05587271228432655,0.44664743542671204,0.8206896781921387,0.2490214854478836,0.3390534818172455,0.7062114477157593,0.057846494019031525,0.4522445797920227,0.8687500953674316,0.2526622414588928,0.32153990864753723,0.5827999114990234,-0.03626210242509842,0.396241158246994,0.8325735330581665,0.18212784826755524,recto
0.6086975336074829,0.2655060291290283,-0.0901041254401207,0.6193205118179321,0.25122544169425964,-0.12165184319019318,0.6227734684944153,0.252064973115921,-0.12190743535757065,0.6264441013336182,0.2530493140220642,-0.12188487499952316,0.6165788769721985,0.25014108419418335,-0.06034926325082779,0.6172860264778137,0.24998778104782104,-0.06066235899925232,0.6180657744407654,0.2495759129524231,-0.0607784241437912,0.651799738407135,0.2646394670009613,-0.2020336240530014,0.6419011354446411,0.26242712140083313,0.07620809972286224,0.6156587600708008,0.2837355136871338,-0.11266226321458817,0.6111915111541748,0.2814624011516571,-0.03488223999738693,0.6853950619697571,0.34978577494621277,-0.35552865266799927,0.6452397108078003,0.35469961166381836,0.3011891841888428,0.6470070481300354,0.46358150243759155,-0.5427584648132324,0.6051139235496521,0.4519282579421997,0.421728253364563,0.5422206521034241,0.47420063614845276,-0.5758982300758362,0.5099693536758423,0.4645084738731384,0.2860419750213623,0.5111687779426575,0.4790076017379761,-0.6351415514945984,0.4829084873199463,0.4686405062675476,0.27961650490760803,0.5056807994842529,0.47346314787864685,-0.6071304678916931,0.4762883186340332,0.4652366638183594,0.22949445247650146,0.5166311264038086,0.4719293415546417,-0.5612629055976868,0.4884008765220642,0.46391385793685913,0.25764331221580505,0.6704257130622864,0.5750906467437744,-0.19857165217399597,0.6395912766456604,0.5535938143730164,0.19822213053703308,0.49172431230545044,0.585279107093811,-0.3101644217967987,0.4814668893814087,0.5624407529830933,0.1152946799993515,0.4498451054096222,0.7514949440956116,-0.11476859450340271,0.46985480189323425,0.7485671639442444,0.2882913649082184,0.4621581435203552,0.7850043773651123,-0.09684441983699799,0.470108300447464,0.7717252969741821,0.30354732275009155,0.3625827133655548,0.7786273956298828,-0.17200535535812378,0.3973158895969391,0.7762277126312256,0.2503621578216553,recto
0.6425571441650391,0.1401437520980835,-0.19356712698936462,0.6677788496017456,0.118777334690094,-0.26741716265678406,0.6724662780761719,0.11962273716926575,-0.26789605617523193,0.6764606237411499,0.12032106518745422,-0.26791080832481384,0.6690380573272705,0.11850208044052124,-0.15691891312599182,0.6748616695404053,0.11914387345314026,-0.15769128501415253,0.6804638504981995,0.11976772546768188,-0.15816110372543335,0.7233060002326965,0.13309890031814575,-0.4674586355686188,0.7250799536705017,0.13279128074645996,0.02871003746986389,0.6536076664924622,0.16812631487846375,-0.2512683570384979,0.6568200588226318,0.1684122085571289,-0.11259422451257706,0.7480558156967163,0.2920045256614685,-0.7327161431312561,0.8109357357025146,0.2888004779815674,0.3858053982257843,0.7174980640411377,0.5028014779090881,-0.816524088382721,0.7517211437225342,0.47288191318511963,0.3537754714488983,0.4775669276714325,0.582663893699646,-0.5288253426551819,0.549279510974884,0.5657805800437927,-0.08308081328868866,0.4114689826965332,0.5971786975860596,-0.596264123916626,0.5336096286773682,0.579581081867218,-0.13706010580062866,0.397359162569046,0.5886690020561218,-0.5632718801498413,0.5127989053726196,0.5788291692733765,-0.21244771778583527,0.4200628399848938,0.5860793590545654,-0.5023152232170105,0.5324716567993164,0.5743022561073303,-0.1349324882030487,0.7563087344169617,0.6196954250335693,-0.3480793833732605,0.7698419690132141,0.5876795649528503,0.34757769107818604,0.3306872546672821,0.6419302225112915,-0.40128976106643677,0.38895469903945923,0.6416755318641663,0.495980829000473,0.23748159408569336,0.9228065013885498,0.0028316555544734,0.3209422826766968,0.9053316116333008,0.8957710862159729,0.26937514543533325,0.9726315140724182,0.04029207304120064,0.29263150691986084,0.9515361189842224,0.9316022396087646,0.058422863483428955,0.9510657787322998,-0.10477467626333237,0.18111926317214966,0.9345375299453735,0.8288816213607788,recto
0.42897841334342957,0.1709352731704712,-0.06466120481491089,0.41960519552230835,0.15118548274040222,-0.05380673334002495,0.4153238832950592,0.15033990144729614,-0.0542418546974659,0.4108958840370178,0.14931601285934448,-0.054207537323236465,0.4182133078575134,0.15086966753005981,-0.11186377704143524,0.4130497872829437,0.14990019798278809,-0.11236874759197235,0.40823668241500854,0.14878582954406738,-0.11259527504444122,0.3811083734035492,0.15088117122650146,0.028543584048748016,0.3781798481941223,0.1514517068862915,-0.23041200637817383,0.41591235995292664,0.18852493166923523,-0.021294094622135162,0.4146432876586914,0.18793374300003052,-0.0995282232761383,0.3556949496269226,0.26423826813697815,0.21138155460357666,0.3354283571243286,0.26382049918174744,-0.35008421540260315,0.3521992564201355,0.4325294494628906,0.2527705132961273,0.3450428545475006,0.44416362047195435,-0.37977999448776245,0.4636397361755371,0.5148099064826965,0.0833548903465271,0.49065735936164856,0.4608723819255829,-0.2798280119895935,0.46615272760391235,0.5213328003883362,0.07287473976612091,0.5252935290336609,0.47102469205856323,-0.33067208528518677,0.4897913336753845,0.5164563655853271,0.018165679648518562,0.5362317562103271,0.45161622762680054,-0.2993658483028412,0.4845971167087555,0.5112736821174622,0.0568690299987793,0.5258657932281494,0.44702839851379395,-0.26530176401138306,0.36068567633628845,0.5581939816474915,0.17888815701007843,0.3552801012992859,0.5711047649383545,-0.17912906408309937,0.5733146667480469,0.6094604730606079,0.28780773282051086,0.5887772440910339,0.608779788017273,-0.1615263968706131,0.657733142375946,0.8192099332809448,0.3803154230117798,0.6692385673522949,0.8444268107414246,-0.017277762293815613,0.6461234092712402,0.8690581321716309,0.3840981721878052,0.6584171056747437,0.8989664316177368,0.002732636872678995,0.722376823425293,0.8526210188865662,0.3514603078365326,0.7804785966873169,0.8345189094543457,-0.016844429075717926,recto
0.5727403163909912,0.14014634490013123,0.22923260927200317,0.5962559580802917,0.1182485818862915,0.14870744943618774,0.6039373874664307,0.11854243278503418,0.1481943428516388,0.6119140386581421,0.11864200234413147,0.1481238603591919,0.5911446809768677,0.11646172404289246,0.2833314538002014,0.5955764055252075,0.11538815498352051,0.28245487809181213,0.6003982424736023,0.1139039397239685,0.28189700841903687,0.6672870516777039,0.12833049893379211,-0.07859446108341217,0.6583508253097534,0.12596964836120605,0.5231347680091858,0.5943824648857117,0.1634039282798767,0.1596459299325943,0.5835120677947998,0.16134092211723328,0.327395498752594,0.7288455367088318,0.25987616181373596,-0.42546510696411133,0.7035613656044006,0.260567307472229,0.8438211679458618,0.5831180214881897,0.4412582516670227,-0.3947482705116272,0.6270759701728821,0.43741375207901,0.8690901398658752,0.3579193651676178,0.5121076107025146,0.12318513542413712,0.4742327630519867,0.5212551355361938,0.46668609976768494,0.29665181040763855,0.5321362018585205,0.11266005039215088,0.4364292025566101,0.5461791157722473,0.42079439759254456,0.28130069375038147,0.5157540440559387,0.13528548181056976,0.3988700807094574,0.5318464636802673,0.3535728454589844,0.2997024357318878,0.5097094774246216,0.15590684115886688,0.4441639184951782,0.5311301350593567,0.41461220383644104,0.6485836505889893,0.5742267966270447,-0.38181430101394653,0.5955082178115845,0.5666864514350891,0.38112276792526245,0.15255478024482727,0.5790739059448242,-0.4120498597621918,0.1758771538734436,0.575990617275238,0.2766701579093933,0.31774333119392395,0.8189244270324707,-0.00461168959736824,0.3230421245098114,0.8081449866294861,0.5902281403541565,0.38196855783462524,0.8578082323074341,0.040062978863716125,0.3931000232696533,0.840346097946167,0.6217507123947144,0.16198426485061646,0.9056634902954102,-0.005656587891280651,0.20388755202293396,0.8896916508674622,0.5768948793411255,recto
0.5203695893287659,0.19615435600280762,-0.06596844643354416,0.512263298034668,0.1753433346748352,-0.05267447233200073,0.5103761553764343,0.17433300614356995,-0.05294453352689743,0.50837641954422,0.17340582609176636,-0.052980899810791016,0.5111033320426941,0.17602121829986572,-0.09795712679624557,0.5085682272911072,0.17553123831748962,-0.09826689958572388,0.505713939666748,0.17503198981285095,-0.0984678566455841,0.48722898960113525,0.18002307415008545,0.026280201971530914,0.4845445156097412,0.18291684985160828,-0.176292285323143,0.5124913454055786,0.2161332368850708,-0.028714405372738838,0.5112816095352173,0.21613982319831848,-0.08948488533496857,0.46376094222068787,0.29437255859375,0.16698133945465088,0.46138331294059753,0.2998794913291931,-0.2655036449432373,0.4907916486263275,0.46082496643066406,0.1981564611196518,0.4779094457626343,0.48583704233169556,-0.29046618938446045,0.5566527843475342,0.5402080416679382,0.0707329586148262,0.557580828666687,0.5592957735061646,-0.21057255566120148,0.5759978890419006,0.5559482574462891,0.0614122673869133,0.5782960653305054,0.5692330598831177,-0.2494972199201584,0.5839976072311401,0.5542378425598145,0.01720043085515499,0.5828425884246826,0.5568397641181946,-0.2339836061000824,0.5760847926139832,0.5481034517288208,0.04880768805742264,0.5773495435714722,0.5524003505706787,-0.20351599156856537,0.4821067154407501,0.5823090672492981,0.13887707889080048,0.4798898696899414,0.5934828519821167,-0.1391042321920395,0.6331760287284851,0.623343288898468,0.12848646938800812,0.6450740694999695,0.6141324043273926,-0.1949973702430725,0.6409900784492493,0.879964292049408,0.20704825222492218,0.6431360244750977,0.8744912147521973,-0.04366176202893257,0.6216151714324951,0.9200117588043213,0.21220140159130096,0.6234447956085205,0.9164604544639587,-0.023955626413226128,0.6861604452133179,0.9418356418609619,0.16713929176330566,0.6910002827644348,0.9384467005729675,-0.03897440433502197,recto
0.5286356210708618,0.2759769558906555,-0.25913840532302856,0.5137624144554138,0.26226305961608887,-0.22219163179397583,0.5097887516021729,0.2625632882118225,-0.2226485311985016,0.5055522918701172,0.26282817125320435,-0.22260375320911407,0.5126627683639526,0.26284170150756836,-0.31177008152008057,0.5083034634590149,0.2635047435760498,-0.31233763694763184,0.5035281181335449,0.2643033564090729,-0.3126533329486847,0.46798497438430786,0.27374687790870667,-0.04485530033707619,0.4701738953590393,0.2755472958087921,-0.4477371573448181,0.5202707648277283,0.2941901385784149,-0.1838831752538681,0.5171816945075989,0.29365605115890503,-0.3038872182369232,0.45729801058769226,0.3763194680213928,0.2254726141691208,0.4390406012535095,0.390933096408844,-0.6316764950752258,0.4618297517299652,0.5128815770149231,0.32562780380249023,0.4273248314857483,0.5328269004821777,-0.7303661108016968,0.5121654868125916,0.598800778388977,0.16789521276950836,0.5002280473709106,0.6435877680778503,-0.639546811580658,0.5221936702728271,0.6346395611763,0.16050443053245544,0.5154913663864136,0.6718248724937439,-0.7348034977912903,0.5329479575157166,0.631252646446228,0.07445079833269119,0.5412790775299072,0.66350919008255,-0.7073417901992798,0.5330843329429626,0.6258992552757263,0.12777261435985565,0.5399264097213745,0.6562934517860413,-0.6289147138595581,0.47469744086265564,0.6016361713409424,0.2697189152240753,0.4474102258682251,0.6231191754341125,-0.2699185013771057,0.718980073928833,0.6621426343917847,0.34911081194877625,0.7675949335098267,0.6524518728256226,-0.30713340640068054,0.7080932855606079,0.8187205791473389,0.6480116844177246,0.7072707414627075,0.8161797523498535,0.12398932129144669,0.6685366034507751,0.8409852385520935,0.6733900904655457,0.6687588691711426,0.8381170034408569,0.17556867003440857,0.7900481224060059,0.8731878995895386,0.6417775750160217,0.7982831001281738,0.8731127977371216,0.18637458980083466,recto
0.44649195671081543,0.13030028343200684,-0.06828063726425171,0.467578649520874,0.10535809397697449,-0.12461375445127487,0.4741881787776947,0.10557252168655396,-0.12507610023021698,0.4806501567363739,0.10568234324455261,-0.12512348592281342,0.4655838906764984,0.10295355319976807,-0.022527672350406647,0.469899445772171,0.10157695412635803,-0.023315023630857468,0.4747651219367981,0.10021510720252991,-0.023875642567873,0.5348629951477051,0.1167701780796051,-0.2574223577976227,0.5267541408538818,0.11525207757949829,0.19764767587184906,0.4661358594894409,0.15167155861854553,-0.10677388310432434,0.46103566884994507,0.15130770206451416,0.019391339272260666,0.6011631488800049,0.2600673735141754,-0.5107714533805847,0.5648908019065857,0.2614161968231201,0.5101426839828491,0.546546220779419,0.45433154702186584,-0.521939218044281,0.5145419836044312,0.4337144196033478,0.5285280346870422,0.3931817412376404,0.558047890663147,-0.1657564491033554,0.3983825445175171,0.5535090565681458,0.15970854461193085,0.35011011362075806,0.5836854577064514,-0.19229261577129364,0.37482744455337524,0.5823189616203308,0.11229399591684341,0.3419477939605713,0.5774822235107422,-0.1862173080444336,0.36447349190711975,0.58024662733078,0.04422561824321747,0.3569890260696411,0.5683155655860901,-0.14786550402641296,0.3845823407173157,0.571051299571991,0.11171140521764755,0.6387261152267456,0.5719611048698425,-0.32003557682037354,0.5916544795036316,0.5654146075248718,0.3194889426231384,0.20591214299201965,0.5676975846290588,-0.39008745551109314,0.2027539312839508,0.5642838478088379,0.27683499455451965,0.46391361951828003,0.7814037799835205,-0.020466696470975876,0.45037123560905457,0.77496737241745,0.5441276431083679,0.539849042892456,0.8220413327217102,0.020890606567263603,0.5224537253379822,0.8103435039520264,0.5711471438407898,0.3252312242984772,0.8770558834075928,-0.01596050336956978,0.34215468168258667,0.8712806701660156,0.5237337946891785,recto
0.3044684827327728,0.15265095233917236,0.23090629279613495,0.2942073941230774,0.136942058801651,0.25165244936943054,0.2924676835536957,0.1362992227077484,0.2513442933559418,0.2902403175830841,0.1354902684688568,0.25133368372917175,0.2926545739173889,0.13794776797294617,0.20134298503398895,0.2893649637699127,0.1384085714817047,0.2009735405445099,0.2849370837211609,0.1390151083469391,0.2008996158838272,0.2682002782821655,0.14803612232208252,0.34727543592453003,0.2619015872478485,0.1514628529548645,0.11989198625087738,0.3016008138656616,0.1763906478881836,0.27341189980506897,0.29844382405281067,0.17745822668075562,0.2050790935754776,0.2857428789138794,0.26216375827789307,0.4618200957775116,0.2534158229827881,0.2613431215286255,-0.04482056945562363,0.3720403015613556,0.3904881179332733,0.46536651253700256,0.3465057909488678,0.3917813003063202,-0.20644085109233856,0.4685545563697815,0.4010225236415863,0.26785746216773987,0.4603356122970581,0.3953990340232849,-0.25090712308883667,0.49843084812164307,0.39337047934532166,0.25176724791526794,0.4894144833087921,0.39058634638786316,-0.3086131811141968,0.500557541847229,0.38701945543289185,0.20766432583332062,0.4924446940422058,0.3825494050979614,-0.2798600494861603,0.489935040473938,0.3925533890724182,0.243890181183815,0.4817647933959961,0.387143611907959,-0.2425025999546051,0.3916003704071045,0.5058383345603943,0.1659725159406662,0.37116631865501404,0.5031518936157227,-0.16631019115447998,0.5881314873695374,0.5944439172744751,0.06975196301937103,0.5975671410560608,0.583962619304657,-0.294002890586853,0.5967246890068054,0.878069281578064,0.05080461874604225,0.5856865644454956,0.8869893550872803,-0.3478109538555145,0.5713553428649902,0.9212389588356018,0.04358074069023132,0.5455290079116821,0.9285582304000854,-0.350481778383255,0.6419376134872437,0.9511119723320007,-0.04871981590986252,0.6421023607254028,0.9665297269821167,-0.4250086843967438,deslizado
0.27279961109161377,0.17971324920654297,0.10388050228357315,0.27560433745384216,0.1513267457485199,0.11463389545679092,0.27398017048835754,0.15003246068954468,0.11427619308233261,0.2722374200820923,0.14879310131072998,0.11438365280628204,0.27179843187332153,0.14801207184791565,0.06714136898517609,0.2670097351074219,0.1448134481906891,0.06659949570894241,0.26208391785621643,0.142435222864151,0.06641415506601334,0.2448752224445343,0.14112576842308044,0.18188123404979706,0.23410439491271973,0.1340627372264862,-0.032284706830978394,0.25971245765686035,0.19813650846481323,0.14236225187778473,0.25558316707611084,0.19426366686820984,0.07678849995136261,0.2177571952342987,0.26076287031173706,0.28791120648384094,0.19106455147266388,0.2553347051143646,-0.13696295022964478,0.24891600012779236,0.4818683862686157,0.3355158865451813,0.20892339944839478,0.49052584171295166,-0.23755773901939392,0.31778645515441895,0.6424059867858887,0.22512806951999664,0.2694445848464966,0.6793321371078491,-0.26806503534317017,0.3291436433792114,0.6860057711601257,0.21083906292915344,0.2756405472755432,0.7449330687522888,-0.3099444806575775,0.33194470405578613,0.6856446266174316,0.1723472774028778,0.2848283052444458,0.7428997755050659,-0.3202967941761017,0.32645678520202637,0.6738574504852295,0.20648691058158875,0.2865712642669678,0.722543478012085,-0.2734619975090027,0.35043251514434814,0.5085332989692688,0.13953031599521637,0.3311666250228882,0.5293694138526917,-0.140184685587883,0.5548831224441528,0.6505696773529053,0.059169869869947433,0.5497152209281921,0.6522228121757507,-0.18124940991401672,0.7377907037734985,0.8467944860458374,0.05092163383960724,0.7399037480354309,0.8601806163787842,-0.20212426781654358,0.7523126602172852,0.9001951217651367,0.04152555391192436,0.7529599070549011,0.919937014579773,-0.204928457736969,0.8279079794883728,0.8064611554145813,-0.07997395098209381,0.8377067446708679,0.8116663098335266,-0.33016055822372437,deslizado
0.7089572548866272,0.1876971423625946,0.14561322331428528,0.7182942628860474,0.16430965065956116,0.12234167009592056,0.7225003838539124,0.16394764184951782,0.12212290614843369,0.7270568609237671,0.16329097747802734,0.12230214476585388,0.7154358625411987,0.16313716769218445,0.16625918447971344,0.7168446779251099,0.16179710626602173,0.1658409833908081,0.7184979915618896,0.1600322127342224,0.16572853922843933,0.7596933841705322,0.17355698347091675,0.058859195560216904,0.7433854937553406,0.1691785454750061,0.2570670247077942,0.7172734141349792,0.2118353247642517,0.12906338274478912,0.7127448320388794,0.21045470237731934,0.18390527367591858,0.7562732696533203,0.2775552570819855,-0.0735277384519577,0.7351306676864624,0.28982460498809814,0.37632811069488525,0.6266359686851501,0.3705005645751953,-0.15504103899002075,0.639592707157135,0.37174081802368164,0.4102838635444641,0.5009132623672485,0.3320482671260834,-0.11291038244962692,0.5208895206451416,0.34567201137542725,0.3272259533405304,0.46379053592681885,0.3350687325000763,-0.1438445746898651,0.4973192811012268,0.3436390161514282,0.3254648447036743,0.46167439222335815,0.323607861995697,-0.12477073818445206,0.48621121048927307,0.33439335227012634,0.2864231467247009,0.4723140001296997,0.3268741965293884,-0.10107595473527908,0.5009279251098633,0.3412477672100067,0.30506473779678345,0.6542447805404663,0.5469346642494202,-0.1311107575893402,0.6323827505111694,0.5323961973190308,0.13073541224002838,0.4548478424549103,0.5970051288604736,-0.17937888205051422,0.4449681043624878,0.5944622159004211,-0.005310432519763708,0.2904735505580902,0.786536693572998,-0.30825677514076233,0.29285693168640137,0.8012511730194092,-0.11145581305027008,0.2864152193069458,0.8781576156616211,-0.3252776563167572,0.2802385985851288,0.8508394956588745,-0.1257103532552719,0.20094409584999084,0.7684892416000366,-0.4252932071685791,0.2154356837272644,0.786818265914917,-0.214608296751976,deslizado
0.6441553235054016,0.23291078209877014,-0.0290210098028183,0.6510628461837769,0.21073201298713684,-0.07240879535675049,0.6543006300926208,0.20973417162895203,-0.07272030413150787,0.6570960879325867,0.2087421417236328,-0.07251761108636856,0.6519204378128052,0.21100658178329468,-0.014679143205285072,0.6556109189987183,0.210006445646286,-0.015310355462133884,0.6591511964797974,0.20861029624938965,-0.015492776408791542,0.6856095194816589,0.2087709605693817,-0.20179036259651184,0.6917756199836731,0.2059791088104248,0.05636350065469742,0.6579417586326599,0.25404971837997437,-0.06499779224395752,0.6579301953315735,0.254179447889328,0.006000958848744631,0.6909480690956116,0.3328056037425995,-0.3340930938720703,0.7435739040374756,0.33662667870521545,0.23543651401996613,0.5852999091148376,0.5344352722167969,-0.4243874251842499,0.6748362183570862,0.5023703575134277,0.2681191861629486,0.5317977666854858,0.6083055734634399,-0.3408435881137848,0.5772266983985901,0.5296981334686279,0.13277126848697662,0.5270175337791443,0.62541264295578,-0.3729467988014221,0.5519737005233765,0.5290358662605286,0.11827916651964188,0.52346271276474,0.6082114577293396,-0.36734068393707275,0.5421586036682129,0.5253260135650635,0.07938822358846664,0.5304713845252991,0.6052716970443726,-0.3333870768547058,0.5508323311805725,0.5266441106796265,0.10675086826086044,0.5765300393104553,0.5960537791252136,-0.1884198784828186,0.61769700050354,0.5813485980033875,0.18827617168426514,0.3224675953388214,0.6770638227462769,-0.11229988187551498,0.3550180494785309,0.6411333084106445,0.15336188673973083,0.2182270586490631,0.9025449752807617,0.008030859753489494,0.2320365607738495,0.8860943913459778,0.2755109667778015,0.24647405743598938,0.9510795474052429,0.01565494015812874,0.25466543436050415,0.9349470138549805,0.2841052711009979,0.08969920873641968,0.9351992607116699,-0.06089309602975845,0.11348748207092285,0.9238479137420654,0.23337823152542114,deslizado
0.7137335538864136,0.18168777227401733,-0.16292665898799896,0.7263761162757874,0.186745285987854,-0.1847338229417801,0.7271767258644104,0.19000479578971863,-0.1849970519542694,0.727836549282074,0.19306176900863647,-0.18490976095199585,0.7264795303344727,0.1867986023426056,-0.15011605620384216,0.7272015810012817,0.189934641122818,-0.15040411055088043,0.7279635667800903,0.19307103753089905,-0.15054228901863098,0.7295066118240356,0.22357243299484253,-0.23478829860687256,0.7288917303085327,0.22353142499923706,-0.07848281413316727,0.7035548686981201,0.19954416155815125,-0.17437587678432465,0.7030146718025208,0.19983071088790894,-0.13120396435260773,0.6919841170310974,0.3006594181060791,-0.2973953187465668,0.6960353851318359,0.3184858560562134,0.05443007871508598,0.6431800723075867,0.4411981701850891,-0.3302971124649048,0.639094889163971,0.43857598304748535,0.09626595675945282,0.5634497404098511,0.4716194272041321,-0.3096616268157959,0.575594961643219,0.49815112352371216,0.03186247497797012,0.5398368239402771,0.48189055919647217,-0.3379731774330139,0.5553014874458313,0.5067100524902344,0.02757951244711876,0.5380725860595703,0.4720706343650818,-0.3316599428653717,0.5526443123817444,0.4988497197628021,-0.0036421767435967922,0.5448539853096008,0.4691130816936493,-0.3036285936832428,0.5615602135658264,0.49375954270362854,0.01577923260629177,0.5837173461914062,0.5122917890548706,-0.11241818964481354,0.5897023677825928,0.520330011844635,0.11241231113672256,0.47217509150505066,0.5797755122184753,-0.021616889163851738,0.4942581057548523,0.6137637495994568,0.16621071100234985,0.3569257855415344,0.6706628799438477,0.05587271228432655,0.44664743542671204,0.8206896781921387,0.2490214854478836,0.3390534818172455,0.7062114477157593,0.057846494019031525,0.4522445797920227,0.8687500953674316,0.2526622414588928,0.32153990864753723,0.5827999114990234,-0.03626210242509842,0.396241158246994,0.8325735330581665,0.18212784826755524,deslizado
0.2536201775074005,0.24039891362190247,-0.20939627289772034,0.2720957398414612,0.2160862684249878,-0.29022741317749023,0.2789275646209717,0.2144380807876587,-0.2906823456287384,0.28562498092651367,0.2126312255859375,-0.29066547751426697,0.2699660062789917,0.21698540449142456,-0.1559743732213974,0.2751186490058899,0.2161167562007904,-0.15673159062862396,0.2804975211620331,0.21492016315460205,-0.15731969475746155,0.3444048762321472,0.21482041478157043,-0.494196355342865,0.33883941173553467,0.21540158987045288,0.1131855770945549,0.2779234051704407,0.25825491547584534,-0.2672837972640991,0.27627450227737427,0.2578064203262329,-0.097222238779068,0.458424836397171,0.3180616796016693,-0.768356204032898,0.48074042797088623,0.3126140832901001,0.5512633323669434,0.3969409465789795,0.5032206177711487,-0.8651783466339111,0.42018795013427734,0.49280864000320435,0.5320977568626404,0.15160876512527466,0.5451360940933228,-0.5184371471405029,0.19424596428871155,0.5497774481773376,0.0474979467689991,0.10836201906204224,0.5616155862808228,-0.573677659034729,0.1431502401828766,0.5620341897010803,-0.005021547898650169,0.09560555219650269,0.5442250370979309,-0.5345094203948975,0.12470260262489319,0.5557634234428406,-0.07999548316001892,0.11033079028129578,0.5392783880233765,-0.486617773771286,0.13397571444511414,0.5460847020149231,-0.007863117381930351,0.6018185019493103,0.5817254781723022,-0.42542576789855957,0.595562756061554,0.566657543182373,0.42463231086730957,0.14398282766342163,0.5658146142959595,-0.5325832366943359,0.1523662507534027,0.5541172623634338,0.5191411972045898,0.2157064974308014,0.8414520025253296,-0.18073786795139313,0.21291926503181458,0.8067538738250732,0.8497503399848938,0.2745470404624939,0.885725736618042,-0.14968350529670715,0.26020872592926025,0.8581074476242065,0.8761025071144104,0.01267126202583313,0.894062876701355,-0.30581212043762207,0.029015690088272095,0.8583410978317261,0.7699612379074097,deslizado
0.7858844995498657,0.07562768459320068,-0.48332279920578003,0.8127003312110901,0.08157312870025635,-0.46072039008140564,0.8183633685112,0.08799922466278076,-0.4614027440547943,0.8238045573234558,0.0967484712600708,-0.4614497125148773,0.8008235096931458,0.0716167688369751,-0.4292846620082855,0.798384964466095,0.07025811076164246,-0.42995360493659973,0.7964308261871338,0.06851717829704285,-0.4302259087562561,0.8279566764831543,0.12581190466880798,-0.31200364232063293,0.7927669286727905,0.09013816714286804,-0.1656656712293625,0.7743256092071533,0.10480067133903503,-0.4229942858219147,0.7611702680587769,0.0903715193271637,-0.38549986481666565,0.8221608996391296,0.24591225385665894,-0.3398876190185547,0.6231972575187683,0.1817527711391449,0.09801529347896576,0.8152127861976624,0.4327627420425415,-0.4003928601741791,0.5321118235588074,0.33037352561950684,0.06297717988491058,0.8070809245109558,0.5953110456466675,-0.6185291409492493,0.45560503005981445,0.4369223117828369,-0.270404189825058,0.8062193393707275,0.6464470624923706,-0.7013645768165588,0.4268389940261841,0.4681297540664673,-0.3306271433830261,0.795479416847229,0.6468642354011536,-0.7691548466682434,0.422964870929718,0.4635069966316223,-0.412739634513855,0.7891643047332764,0.628780722618103,-0.6478878259658813,0.43479323387145996,0.4566735327243805,-0.3160823583602905,0.6417720913887024,0.47676798701286316,-0.1589578092098236,0.5220627188682556,0.44501662254333496,0.15838299691677094,0.4386526346206665,0.6397615671157837,-0.6322155594825745,0.33623260259628296,0.5983990430831909,-0.18065953254699707,0.25508180260658264,0.8509314060211182,-0.6755590438842773,0.22332173585891724,0.8397752046585083,-0.1751009076833725,0.22820496559143066,0.9031161069869995,-0.7033344507217407,0.2089810073375702,0.8971623182296753,-0.1918444037437439,0.14455118775367737,0.848067045211792,-1.1159862279891968,0.11081668734550476,0.8261195421218872,-0.5223536491394043,deslizado
0.3557193875312805,0.10177701711654663,-0.27464234828948975,0.33546480536460876,0.0883333683013916,-0.2604553699493408,0.3324333131313324,0.09012934565544128,-0.26078367233276367,0.32896751165390015,0.09263542294502258,-0.2607297897338867,0.33587199449539185,0.0896136462688446,-0.3201761841773987,0.3336185812950134,0.09209632873535156,-0.32062405347824097,0.331045925617218,0.09509721398353577,-0.3208274841308594,0.3118940591812134,0.12418580055236816,-0.16082148253917694,0.31474822759628296,0.12512126564979553,-0.4296880066394806,0.35585519671440125,0.13253584504127502,-0.22560815513134003,0.3556278645992279,0.13257130980491638,-0.30629584193229675,0.3206936717033386,0.2618667781352997,0.02277296595275402,0.32601839303970337,0.28236883878707886,-0.5104427933692932,0.34435683488845825,0.4570608139038086,0.10276737064123154,0.35518401861190796,0.49225884675979614,-0.5992024540901184,0.37283092737197876,0.5616958141326904,0.03303924575448036,0.42419323325157166,0.6689521074295044,-0.6091164350509644,0.3646280765533447,0.5768613219261169,0.025165949016809464,0.4242100715637207,0.7202500104904175,-0.6695803999900818,0.3658205270767212,0.5699679851531982,-0.022939832881093025,0.4329666197299957,0.7218940258026123,-0.6737289428710938,0.38226544857025146,0.5712903738021851,0.009833032265305519,0.4359332323074341,0.7012904286384583,-0.6115086078643799,0.49086475372314453,0.4723758399486542,0.16904735565185547,0.4953113794326782,0.4904956519603729,-0.16936862468719482,0.6662057042121887,0.5684207677841187,0.15350665152072906,0.6868189573287964,0.590268075466156,-0.16716095805168152,0.8219747543334961,0.7341746687889099,0.2387687861919403,0.8536249995231628,0.7556815147399902,-0.12517377734184265,0.8289830684661865,0.7862846255302429,0.23864513635635376,0.8684945106506348,0.8229331970214844,-0.12547561526298523,0.855850338935852,0.7500996589660645,0.13561692833900452,0.9366545677185059,0.7325319051742554,-0.2728879153728485,deslizado
0.7418668866157532,0.2399924397468567,-0.2660466730594635,0.7503448128700256,0.22426152229309082,-0.3069057762622833,0.7532752156257629,0.224222332239151,-0.30732041597366333,0.7559788823127747,0.22404515743255615,-0.3073163330554962,0.750713050365448,0.2237335741519928,-0.25485149025917053,0.753990888595581,0.22330012917518616,-0.2552163600921631,0.757319450378418,0.22265470027923584,-0.2554389536380768,0.7834485769271851,0.23022708296775818,-0.41321951150894165,0.783973217010498,0.22882607579231262,-0.17365869879722595,0.7498884201049805,0.2538232207298279,-0.29320788383483887,0.7502342462539673,0.25392651557922363,-0.22673623263835907,0.7970345616340637,0.3047594726085663,-0.47769227623939514,0.816852331161499,0.31122347712516785,0.007780072744935751,0.6779536604881287,0.4028403162956238,-0.5379658341407776,0.7175307869911194,0.39725789427757263,0.09560694545507431,0.540191650390625,0.44095996022224426,-0.48576614260673523,0.6431499719619751,0.3626062273979187,0.06563164293766022,0.5084637403488159,0.4518201947212219,-0.5282642245292664,0.6506341099739075,0.30774110555648804,0.06764744967222214,0.5027730464935303,0.4437119662761688,-0.5100485682487488,0.6230905055999756,0.33359217643737793,0.03349156677722931,0.510442852973938,0.44434237480163574,-0.4744006097316742,0.6283110976219177,0.34028759598731995,0.04772039130330086,0.7213946580886841,0.5189915299415588,-0.13326595723628998,0.7332073450088501,0.4891599714756012,0.1329180896282196,0.5880770683288574,0.5595692992210388,-0.13432195782661438,0.6788597106933594,0.38458698987960815,0.34791168570518494,0.6996921896934509,0.6085038185119629,0.2018098384141922,0.682435929775238,0.4126850962638855,0.3792281746864319,0.720868706703186,0.6136212348937988,0.23862196505069733,0.6822004318237305,0.42636752128601074,0.3827964961528778,0.7121767401695251,0.6293340921401978,0.3048013150691986,0.6729021668434143,0.39452505111694336,0.4239901304244995,deslizado
0.6358411312103271,0.2875339984893799,0.09363575279712677,0.6502828001976013,0.27776554226875305,0.06988221406936646,0.6530184149742126,0.2791280150413513,0.0695345550775528,0.657657265663147,0.27913200855255127,0.06950263679027557,0.6489157676696777,0.27651751041412354,0.11161650717258453,0.6504302024841309,0.2767495810985565,0.11138145625591278,0.6514826416969299,0.2774384021759033,0.11125718057155609,0.6717309355735779,0.2926228642463684,0.01817265897989273,0.6669044494628906,0.2888810634613037,0.2092207372188568,0.6380341053009033,0.3092433512210846,0.08350678533315659,0.6343846917152405,0.30876660346984863,0.1358286738395691,0.6626023054122925,0.3708772659301758,-0.08813279867172241,0.6139431595802307,0.35079652070999146,0.3306843340396881,0.5722140073776245,0.44334936141967773,-0.18177931010723114,0.5467239022254944,0.4334508776664734,0.3656119406223297,0.4601331055164337,0.47278451919555664,-0.23764720559120178,0.46145400404930115,0.4553634226322174,0.27518314123153687,0.42711514234542847,0.49571123719215393,-0.27482882142066956,0.4344358444213867,0.4694288671016693,0.267671674489975,0.4201798439025879,0.4863015115261078,-0.2658894658088684,0.4309716522693634,0.4748339354991913,0.22062577307224274,0.4301840364933014,0.48108696937561035,-0.22952793538570404,0.44366782903671265,0.4683673679828644,0.24937549233436584,0.5007777214050293,0.45615139603614807,-0.11041317880153656,0.4498123228549957,0.45197421312332153,0.10995421558618546,0.6192883253097534,0.503386914730072,-0.17155922949314117,0.3055826425552368,0.5911164879798889,0.025256890803575516,0.5355710983276367,0.5185887217521667,-0.14005914330482483,0.29123425483703613,0.8314434289932251,0.10698139667510986,0.5203661322593689,0.5183332562446594,-0.14025723934173584,0.3003653883934021,0.8694266080856323,0.11633123457431793,0.5005588531494141,0.5323679447174072,-0.23392856121063232,0.21140168607234955,0.8628479838371277,0.025726012885570526,deslizado
0.6661939024925232,0.3094862103462219,-0.16992951929569244,0.6839216947555542,0.29001718759536743,-0.2077997773885727,0.6895315051078796,0.28992757201194763,-0.20808304846286774,0.6959295272827148,0.28941184282302856,-0.20798085629940033,0.6798740029335022,0.29045194387435913,-0.1523723155260086,0.6824255585670471,0.2909208834171295,-0.15287965536117554,0.6846346259117126,0.2910740077495575,-0.15323448181152344,0.7352726459503174,0.2993578314781189,-0.3069305419921875,0.7219352722167969,0.3000848591327667,-0.05791016295552254,0.681951105594635,0.3343016505241394,-0.19615548849105835,0.678577184677124,0.33484235405921936,-0.12712647020816803,0.7523891925811768,0.4102235734462738,-0.39335617423057556,0.7723366618156433,0.40045812726020813,0.09881702065467834,0.6536900997161865,0.5370956063270569,-0.4033690392971039,0.6916516423225403,0.5161384344100952,0.17230889201164246,0.5151481032371521,0.5322471261024475,-0.20412801206111908,0.5969976186752319,0.5645570755004883,0.10654673725366592,0.47507575154304504,0.5289249420166016,-0.21564559638500214,0.5689728260040283,0.5758032202720642,0.1047494187951088,0.47176846861839294,0.5193690657615662,-0.19936063885688782,0.5603262186050415,0.5746220350265503,0.07054025679826736,0.4838024973869324,0.5222411751747131,-0.1889151781797409,0.5727279782295227,0.5736801624298096,0.08721262961626053,0.7082552909851074,0.6596848964691162,-0.15501448512077332,0.7204975485801697,0.6346402168273926,0.15463398396968842,0.4841845631599426,0.6237148642539978,-0.09457952529191971,0.5661978721618652,0.6100952625274658,0.3407834470272064,0.5581498742103577,0.7673070430755615,0.22051186859607697,0.6328173875808716,0.7617741227149963,0.5494295358657837,0.5981213450431824,0.7877926230430603,0.25817105174064636,0.661289393901825,0.7823104858398438,0.5758165717124939,0.4772914946079254,0.8030263185501099,0.3162902593612671,0.5964517593383789,0.7942926287651062,0.6342523097991943,deslizado
0.7348549962043762,0.2755141854286194,-0.25117015838623047,0.744477391242981,0.2632613480091095,-0.2719646096229553,0.747435450553894,0.2649531960487366,-0.27223342657089233,0.7507370114326477,0.2666248679161072,-0.2721826732158661,0.7427161335945129,0.2591347098350525,-0.2422013133764267,0.7436847686767578,0.2575623393058777,-0.24259385466575623,0.7446919679641724,0.2557503879070282,-0.24278882145881653,0.7709081768989563,0.28631162643432617,-0.2935352325439453,0.76077800989151,0.2722698450088501,-0.15781579911708832,0.7388525009155273,0.29653200507164,-0.24958813190460205,0.7349153161048889,0.2909109890460968,-0.21249908208847046,0.7481424808502197,0.3786783218383789,-0.3154897391796112,0.7539019584655762,0.3486248850822449,-0.002394156763330102,0.6577807068824768,0.45814576745033264,-0.3336918354034424,0.6840617060661316,0.4294167160987854,0.046466533094644547,0.5627193450927734,0.4523119628429413,-0.30384644865989685,0.6059340834617615,0.44315293431282043,-0.018711136654019356,0.5390776991844177,0.45401066541671753,-0.34060168266296387,0.588785707950592,0.43851393461227417,-0.026416046544909477,0.5340984463691711,0.4404240846633911,-0.3350178301334381,0.5803275108337402,0.4376834034919739,-0.058341920375823975,0.5437918901443481,0.44112247228622437,-0.29992619156837463,0.5867341756820679,0.44134050607681274,-0.03515145182609558,0.6549874544143677,0.5865403413772583,-0.09864748269319534,0.6614001393318176,0.5443297624588013,0.09846235066652298,0.4762711524963379,0.6280266642570496,-0.17360441386699677,0.5790016651153564,0.45751652121543884,0.21067629754543304,0.4396286606788635,0.8236754536628723,-0.06900674849748611,0.4625634551048279,0.4376075267791748,0.32298386096954346,0.45570290088653564,0.8657455444335938,-0.06066777929663658,0.437065064907074,0.4548662304878235,0.33317768573760986,0.37303194403648376,0.8758532404899597,-0.13105913996696472,0.4160187840461731,0.3668239712715149,0.3155457675457001,deslizado
0.737998366355896,0.3529502749443054,0.061405640095472336,0.7525448799133301,0.34276488423347473,0.040817756205797195,0.7562140822410583,0.3466743230819702,0.04056483134627342,0.7602535486221313,0.35103437304496765,0.040585000067949295,0.748769998550415,0.3381921052932739,0.0877225399017334,0.7487438917160034,0.3378482460975647,0.08728393912315369,0.7488934993743896,0.33730393648147583,0.08717317879199982,0.7734419107437134,0.37564021348953247,-0.0015480635920539498,0.7572365999221802,0.3553906977176666,0.2117341160774231,0.7398098707199097,0.37842944264411926,0.052790962159633636,0.7325533628463745,0.3715505301952362,0.11130019277334213,0.7502344846725464,0.48085570335388184,-0.11762462556362152,0.7088124752044678,0.4479670524597168,0.36375632882118225,0.6766528487205505,0.567396342754364,-0.29201120138168335,0.6258890628814697,0.49901509284973145,0.4073139727115631,0.5630538463592529,0.5547454357147217,-0.4230133295059204,0.5517041683197021,0.5130265355110168,0.26513198018074036,0.545293390750885,0.572673499584198,-0.47696906328201294,0.5252306461334229,0.5174008011817932,0.2512913644313812,0.5428602695465088,0.5671392679214478,-0.4686557948589325,0.5245552659034729,0.5174842476844788,0.2122342586517334,0.5508722066879272,0.5594095587730408,-0.419002503156662,0.5348189473152161,0.5147714614868164,0.2411326766014099,0.5403003096580505,0.6012104749679565,-0.14819858968257904,0.5306640863418579,0.5806072354316711,0.14793837070465088,0.3559246063232422,0.5434938669204712,-0.1996949464082718,0.3585030436515808,0.6334741711616516,0.09069543331861496,0.25200799107551575,0.7462747693061829,-0.08465750515460968,0.2197420597076416,0.7794704437255859,0.12627865374088287,0.2515740394592285,0.7960026264190674,-0.07765009254217148,0.2137507200241089,0.8314635753631592,0.12499134987592697,0.1850101351737976,0.7632063031196594,-0.14661554992198944,0.1302632987499237,0.8045858144760132,0.053831297904253006,deslizado
0.6246479749679565,0.3715992271900177,-0.10025354474782944,0.6388876438140869,0.3581985533237457,-0.10645738244056702,0.6477013826370239,0.3573199510574341,-0.10681907087564468,0.6566517353057861,0.3565724194049835,-0.10676552355289459,0.6267303228378296,0.3593059182167053,-0.06212993338704109,0.6254358291625977,0.3594842255115509,-0.06273669004440308,0.6239623427391052,0.3594559133052826,-0.06317919492721558,0.6917141675949097,0.3602069616317749,-0.08001496642827988,0.6507201194763184,0.364532470703125,0.1293112337589264,0.642271876335144,0.38574856519699097,-0.0846729502081871,0.6290175914764404,0.3849465847015381,-0.027931813150644302,0.76874178647995,0.454437792301178,-0.10697644203901291,0.5947317481040955,0.42720305919647217,0.2687881588935852,0.8120430111885071,0.5732970237731934,-0.2475617229938507,0.45481401681900024,0.4174565076828003,0.14773090183734894,0.8364149332046509,0.6812990307807922,-0.4097595512866974,0.5504206418991089,0.35093748569488525,-0.11006498336791992,0.8535888195037842,0.7068672180175781,-0.45797625184059143,0.5723915100097656,0.3335202634334564,-0.16359762847423553,0.8327940702438354,0.7086777687072754,-0.4843243658542633,0.5855286121368408,0.3375207781791687,-0.15685419738292694,0.8204659223556519,0.7001298666000366,-0.4204006493091583,0.5843340754508972,0.34799590706825256,-0.12213211506605148,0.600036084651947,0.6068057417869568,-0.13284628093242645,0.514823853969574,0.5944751501083374,0.13251253962516785,0.3822425305843353,0.5503478050231934,-0.2488947957754135,0.31376147270202637,0.6479725241661072,0.007122952025383711,0.40490227937698364,0.7252376079559326,-0.024840494617819786,0.2045607566833496,0.8070940971374512,0.07864346355199814,0.4369829297065735,0.7365613579750061,-0.005309340078383684,0.22258049249649048,0.8362132906913757,0.08202305436134338,0.357025682926178,0.8001710772514343,-0.07765508443117142,0.1205257773399353,0.8812316656112671,-0.03686312213540077,deslizado
0.4785977602005005,0.43699830770492554,-0.09337007999420166,0.4839252233505249,0.39881789684295654,-0.13620759546756744,0.4883865714073181,0.39816927909851074,-0.13656996190547943,0.4936751127243042,0.39698928594589233,-0.13653606176376343,0.4802689850330353,0.3981010913848877,-0.07259245216846466,0.4817538857460022,0.39665114879608154,-0.07330035418272018,0.48324698209762573,0.39478230476379395,-0.07370901852846146,0.5326195359230042,0.3977336287498474,-0.2505784332752228,0.5266298055648804,0.391060471534729,0.03275487571954727,0.4946596026420593,0.46515339612960815,-0.128314808011055,0.49149617552757263,0.4684963822364807,-0.04907921701669693,0.6195970773696899,0.6035922169685364,-0.3524736166000366,0.5792969465255737,0.5621507167816162,0.198227658867836,0.48453694581985474,0.8002066612243652,-0.3420276939868927,0.4792177677154541,0.7339969873428345,0.37506166100502014,0.5089157223701477,0.5630996227264404,-0.14950154721736908,0.37130582332611084,0.740416407585144,0.320393830537796,0.5152214765548706,0.5039199590682983,-0.1565079241991043,0.33310848474502563,0.7541972398757935,0.3244439661502838,0.5353191494941711,0.499927282333374,-0.18159741163253784,0.33255133032798767,0.7561632394790649,0.2770264148712158,0.5416075587272644,0.5259714722633362,-0.15379174053668976,0.34432253241539,0.7545425891876221,0.29387906193733215,0.7236433625221252,1.0015978813171387,-0.16816939413547516,0.6560862064361572,0.9512845873832703,0.16785146296024323,0.5733627080917358,1.1112645864486694,-0.20391246676445007,0.4407379627227783,1.025688886642456,0.168180912733078,0.5726935267448425,1.362944483757019,0.030634243041276932,0.5287052392959595,1.3214105367660522,0.3090217113494873,0.6044172048568726,1.3975337743759155,0.058706771582365036,0.5566785335540771,1.353882908821106,0.32766637206077576,0.464588463306427,1.4272162914276123,0.05998290330171585,0.5089440941810608,1.4170875549316406,0.34308090806007385,encorvado
0.49637913703918457,0.3487100601196289,-0.1667068749666214,0.49739035964012146,0.3091466724872589,-0.19248110055923462,0.5020214319229126,0.30511054396629333,-0.1928476244211197,0.5077027082443237,0.29997923970222473,-0.19282497465610504,0.49315181374549866,0.30916306376457214,-0.1469905972480774,0.4937434196472168,0.3060612678527832,-0.14763659238815308,0.4942837059497833,0.30222088098526,-0.14797234535217285,0.5480273365974426,0.28886333107948303,-0.24384328722953796,0.5353995561599731,0.28937312960624695,-0.04373279958963394,0.5224703550338745,0.36975449323654175,-0.1777319759130478,0.512765645980835,0.3754585087299347,-0.12287680059671402,0.6311999559402466,0.4731304943561554,-0.3233661353588104,0.5947444438934326,0.3908337652683258,0.09808465838432312,0.5162132382392883,0.6319084167480469,-0.35791853070259094,0.4845486581325531,0.5154225826263428,0.13240310549736023,0.382345974445343,0.5937696695327759,-0.24949951469898224,0.36397749185562134,0.5417261123657227,-0.02694082073867321,0.34108784794807434,0.5967133045196533,-0.2829875349998474,0.32360851764678955,0.5533443093299866,-0.050219643861055374,0.3390982449054718,0.5711674094200134,-0.28155991435050964,0.32226940989494324,0.5551795363426208,-0.080864317715168,0.3562218248844147,0.5736403465270996,-0.24658110737800598,0.3370303511619568,0.5554563999176025,-0.047998975962400436,0.8121353387832642,0.7785660624504089,-0.12225911021232605,0.783811628818512,0.7315385341644287,0.12175038456916809,0.6790563464164734,0.9163434505462646,-0.09326373040676117,0.6573163270950317,0.7619357109069824,0.32884088158607483,0.8287345170974731,1.0501506328582764,0.210518479347229,0.8209013342857361,0.9424983859062195,0.4194205403327942,0.8704923391342163,1.0430243015289307,0.24541641771793365,0.8548499941825867,0.960719645023346,0.4306738078594208,0.797374427318573,1.1631174087524414,0.27932366728782654,0.8373816013336182,1.0068739652633667,0.4330533444881439,encorvado
0.48023346066474915,0.3435043394565582,0.09976956248283386,0.46519196033477783,0.3078330159187317,0.05294550210237503,0.4669644832611084,0.3019186854362488,0.0526273176074028,0.46910619735717773,0.2957543730735779,0.052683595567941666,0.4642177224159241,0.31140315532684326,0.11957018822431564,0.4648802876472473,0.30783799290657043,0.1189349889755249,0.4653801918029785,0.30366280674934387,0.1184910461306572,0.5008982419967651,0.24673861265182495,-0.07716749608516693,0.495308518409729,0.2542639970779419,0.21836799383163452,0.5068877339363098,0.34372052550315857,0.05985206365585327,0.5041388869285583,0.3496263921260834,0.1416606307029724,0.6279556155204773,0.3099001348018646,-0.23336665332317352,0.5905935168266296,0.3433144688606262,0.3739720284938812,0.6983856558799744,0.6668758392333984,-0.20467783510684967,0.6171475648880005,0.6114135980606079,0.27837517857551575,0.5366433262825012,0.6936119198799133,0.09240922331809998,0.5054380893707275,0.6734640002250671,-0.09927283227443695,0.48173025250434875,0.7280875444412231,0.10992453247308731,0.46712273359298706,0.7022960782051086,-0.15307149291038513,0.46901488304138184,0.6697798371315002,0.11696161329746246,0.4558250606060028,0.6717492341995239,-0.1612834334373474,0.4921937882900238,0.6544426083564758,0.11006046831607819,0.4727051258087158,0.6580145359039307,-0.1196838766336441,0.7408177256584167,0.8039007186889648,-0.19642271101474762,0.6916065216064453,0.7599309086799622,0.1957792043685913,0.3664771020412445,0.8470488786697388,-0.1893509328365326,0.36009103059768677,0.8131674528121948,0.26917436718940735,0.4389350116252899,1.361257553100586,0.051610514521598816,0.4834364354610443,1.1798487901687622,0.35168787837028503,0.4911689758300781,1.3986592292785645,0.08497461676597595,0.5251713991165161,1.2125643491744995,0.35999616980552673,0.359317809343338,1.508652687072754,0.12927484512329102,0.45886486768722534,1.2931461334228516,0.34649956226348877,encorvado
0.47308218479156494,0.270535945892334,-1.3510571718215942,0.4825935363769531,0.2562686502933502,-1.358047366142273,0.4910203218460083,0.2530900239944458,-1.3586496114730835,0.4994868040084839,0.2497006058692932,-1.3584656715393066,0.45905518531799316,0.2566438913345337,-1.309408187866211,0.44967013597488403,0.2546040415763855,-1.310259222984314,0.4412645399570465,0.25273311138153076,-1.3107894659042358,0.5257135629653931,0.22145682573318481,-1.1300513744354248,0.4347047805786133,0.23693892359733582,-0.9080658555030823,0.49298030138015747,0.2701060473918915,-1.2377427816390991,0.46849775314331055,0.27223899960517883,-1.178608775138855,0.6622549891471863,0.286044716835022,-0.9861983060836792,0.40493911504745483,0.2846776843070984,-0.3589135408401489,0.701873779296875,0.44901296496391296,-1.114547610282898,0.3898264169692993,0.4147851765155792,-0.3032747507095337,0.5374221801757812,0.5295329093933105,-1.367408037185669,0.4295133650302887,0.5147479772567749,-0.7421229481697083,0.4962463080883026,0.556659460067749,-1.498750925064087,0.42380234599113464,0.5482605695724487,-0.8322650194168091,0.48384732007980347,0.544938325881958,-1.5158342123031616,0.43065232038497925,0.5387222766876221,-0.9075787663459778,0.4962487816810608,0.5354399085044861,-1.3725680112838745,0.4428289532661438,0.5273220539093018,-0.782472550868988,0.6311476230621338,0.5272914171218872,-0.2403108924627304,0.5023233890533447,0.5163137316703796,0.24006927013397217,0.4770079553127289,0.6291090846061707,-1.026100993156433,0.247031569480896,0.6050691604614258,-0.4677913188934326,0.4114811420440674,0.8650176525115967,-0.6880728006362915,0.35156407952308655,0.8199596405029297,-0.10417202860116959,0.4240790009498596,0.8906738758087158,-0.6694377660751343,0.38996338844299316,0.8407250642776489,-0.08021247386932373,0.31215929985046387,0.9520851373672485,-1.0676460266113281,0.2531905770301819,0.8994203805923462,-0.42764556407928467,encorvado
0.4537632465362549,0.2165934443473816,0.16579535603523254,0.45824313163757324,0.19351345300674438,0.1993299126625061,0.4557051360607147,0.1917438805103302,0.19883659482002258,0.45329952239990234,0.19004228711128235,0.1988171488046646,0.45593106746673584,0.19196876883506775,0.10848476737737656,0.45158064365386963,0.18885484337806702,0.10797860473394394,0.4472208023071289,0.1852213442325592,0.10776088386774063,0.4210784435272217,0.17661723494529724,0.34946125745773315,0.4130249619483948,0.17190417647361755,-0.060314834117889404,0.4291614592075348,0.22934803366661072,0.23385199904441833,0.4278320372104645,0.227694571018219,0.11160475015640259,0.33642643690109253,0.26012080907821655,0.5698906779289246,0.28490927815437317,0.23576217889785767,-0.27970749139785767,0.355351060628891,0.4325755834579468,0.5711060166358948,0.30054253339767456,0.40110161900520325,-0.4809266924858093,0.44935059547424316,0.5037468671798706,0.2293921709060669,0.4876495599746704,0.4319302439689636,-0.45289433002471924,0.4855469763278961,0.5406993627548218,0.1948591023683548,0.5390293598175049,0.4427131414413452,-0.5191493034362793,0.494271844625473,0.5239916443824768,0.14563685655593872,0.5479201078414917,0.4231312870979309,-0.48575037717819214,0.48097389936447144,0.5106508135795593,0.1971101015806198,0.5300737619400024,0.41801315546035767,-0.4374454617500305,0.32505881786346436,0.4925965964794159,0.2717507481575012,0.2823725938796997,0.49511998891830444,-0.272519052028656,0.5857129096984863,0.498965322971344,0.100612111389637,0.5686222910881042,0.4916468560695648,-0.3820416331291199,0.7370095252990723,0.7519752979278564,0.01637079380452633,0.52104651927948,0.7760763168334961,-0.40697383880615234,0.7131611108779907,0.8170642852783203,-0.004505183547735214,0.4856572151184082,0.8197299242019653,-0.40906670689582825,0.8666990995407104,0.7972168922424316,-0.16087515652179718,0.6478431224822998,0.840038537979126,-0.5347657203674316,encorvado
0.6004731059074402,0.611117959022522,-0.19968236982822418,0.5940065383911133,0.5793487429618835,-0.2505556046962738,0.5979835987091064,0.5758468508720398,-0.25100570917129517,0.6030389666557312,0.5716527700424194,-0.2509004771709442,0.5889714360237122,0.5810433626174927,-0.17849816381931305,0.5895767211914062,0.5793498754501343,-0.1793239563703537,0.5900495052337646,0.5779825448989868,-0.17980384826660156,0.639224112033844,0.5429121851921082,-0.359941303730011,0.6234530210494995,0.5521175861358643,-0.033217914402484894,0.6274627447128296,0.6277298927307129,-0.22399872541427612,0.6251312494277954,0.6310985684394836,-0.13351325690746307,0.7665607929229736,0.5845351815223694,-0.4434652030467987,0.6647396683692932,0.6137382984161377,0.1219029650092125,0.6603668928146362,0.7668653130531311,-0.551061749458313,0.593416154384613,0.6754125356674194,0.1158578097820282,0.49476268887519836,0.712668776512146,-0.4953228533267975,0.4921295642852783,0.6930972337722778,-0.15500886738300323,0.4524824619293213,0.7413129806518555,-0.5420728921890259,0.45291098952293396,0.7248938083648682,-0.2001444399356842,0.44829875230789185,0.7254323959350586,-0.531768262386322,0.45868077874183655,0.7139478325843811,-0.2369256615638733,0.4615536034107208,0.717177152633667,-0.4852240979671478,0.47145670652389526,0.711503267288208,-0.18308496475219727,0.8854527473449707,1.0006839036941528,-0.14434979856014252,0.7880032658576965,1.0278042554855347,0.1439163088798523,0.920261025428772,1.3595538139343262,-0.18704058229923248,0.8023430109024048,1.3494704961776733,0.15507861971855164,0.9765115976333618,1.683415174484253,0.028861206024885178,0.8449104428291321,1.7181767225265503,0.4411158561706543,1.0048013925552368,1.723734736442566,0.04294014349579811,0.8703362345695496,1.7735339403152466,0.4656415283679962,0.9232733845710754,1.7893550395965576,-0.09459717571735382,0.8019323945045471,1.8272608518600464,0.3783789873123169,encorvado
0.6862629055976868,0.6465325355529785,-0.07595118135213852,0.7128532528877258,0.643481969833374,-0.05946968123316765,0.7151921391487122,0.6405467987060547,-0.05978960171341896,0.7175815105438232,0.6377310156822205,-0.05985148996114731,0.7126719951629639,0.6411398649215698,-0.12125025689601898,0.7148619890213013,0.6364141702651978,-0.12158593535423279,0.7172447443008423,0.6315346360206604,-0.121854767203331,0.7222363948822021,0.6057175993919373,0.047211166471242905,0.7214871644973755,0.6017943620681763,-0.23481526970863342,0.6730899810791016,0.631283164024353,-0.022422488778829575,0.6732723116874695,0.6285569071769714,-0.10699462890625,0.649427056312561,0.5422390103340149,0.24662946164608002,0.6538493633270264,0.573123037815094,-0.34954652190208435,0.5114736557006836,0.6115844249725342,0.31086835265159607,0.5338568091392517,0.6601264476776123,-0.40356647968292236,0.4033224880695343,0.714336633682251,0.19374142587184906,0.4221772849559784,0.7567324042320251,-0.2523789405822754,0.40359655022621155,0.7310571074485779,0.19876036047935486,0.3986620306968689,0.7723828554153442,-0.29778680205345154,0.4037190079689026,0.7508504390716553,0.13833987712860107,0.40306052565574646,0.774739146232605,-0.2728760540485382,0.40595757961273193,0.7300767302513123,0.1648748219013214,0.40779533982276917,0.7704617381095886,-0.2401454746723175,0.3856285512447357,0.5417517423629761,0.17509354650974274,0.37632331252098083,0.5534142851829529,-0.17570172250270844,0.594264566898346,0.645033597946167,0.2875092923641205,0.5572530627250671,0.6532511711120605,-0.06832994520664215,0.5714482665061951,0.8199887275695801,0.475784033536911,0.5674244165420532,0.8312196731567383,0.22671936452388763,0.5520992279052734,0.8495658040046692,0.4926508069038391,0.5512300133705139,0.8546603918075562,0.2559918463230133,0.6575630903244019,0.8547540903091431,0.4649468660354614,0.6669889688491821,0.8652204275131226,0.209672749042511,encorvado
0.5083811283111572,0.19987860321998596,-0.05313386395573616,0.518396258354187,0.17932331562042236,-0.08990896493196487,0.5255482196807861,0.1775977909564972,-0.09018983691930771,0.5339255928993225,0.17592352628707886,-0.09010857343673706,0.5079426169395447,0.18207216262817383,-0.009817528538405895,0.5071081519126892,0.18218699097633362,-0.010374151170253754,0.5057615637779236,0.18220490217208862,-0.010634075850248337,0.5783516764640808,0.17839136719703674,-0.1560826152563095,0.5321754217147827,0.18388763070106506,0.20086538791656494,0.5309710502624512,0.2147487998008728,-0.06806658208370209,0.5191247463226318,0.21767175197601318,0.030707478523254395,0.6437554955482483,0.26754164695739746,-0.32575955986976624,0.6292588114738464,0.2739909887313843,0.4703458845615387,0.6544714570045471,0.42405927181243896,-0.4323905110359192,0.6514614224433899,0.4180105924606323,0.49774178862571716,0.42832034826278687,0.39527300000190735,-0.2579961121082306,0.4771169126033783,0.4118998348712921,0.1907782107591629,0.38014209270477295,0.4086689352989197,-0.27956047654151917,0.467136949300766,0.43502292037010193,0.16013777256011963,0.3769364058971405,0.3961886167526245,-0.24408137798309326,0.4438594579696655,0.42761147022247314,0.12117144465446472,0.39762890338897705,0.3935912251472473,-0.2311728596687317,0.4427817463874817,0.4134014844894409,0.15874651074409485,0.6809934973716736,0.5231277942657471,-0.24199028313159943,0.6619774103164673,0.5097221732139587,0.24160578846931458,0.3633597791194916,0.5813440680503845,-0.35336077213287354,0.36961790919303894,0.5707502961158752,0.1758921593427658,0.5334120988845825,0.7712223529815674,-0.05495854839682579,0.5251401662826538,0.7476009130477905,0.38659796118736267,0.5908818244934082,0.7833942174911499,-0.018715975806117058,0.5756994485855103,0.7583097219467163,0.4076843559741974,0.462892085313797,0.8656666278839111,-0.008948654867708683,0.47253093123435974,0.843034565448761,0.38607409596443176,encorvado
0.8254441022872925,0.29022350907325745,0.10052105039358139,0.8388832211494446,0.2694656252861023,0.12434598058462143,0.8365182876586914,0.2666016221046448,0.12382182478904724,0.8344811201095581,0.26351815462112427,0.12383051961660385,0.8389515280723572,0.2690654993057251,0.02354036271572113,0.8364109992980957,0.2659086585044861,0.022948579862713814,0.8339943885803223,0.2626245617866516,0.0226274486631155,0.7997435331344604,0.23780837655067444,0.26719558238983154,0.7989840507507324,0.2404979169368744,-0.18681271374225616,0.7899217009544373,0.2947516441345215,0.16850970685482025,0.7885185480117798,0.29359567165374756,0.03294338285923004,0.6456780433654785,0.2776603102684021,0.4936300814151764,0.6477835178375244,0.2746545076370239,-0.3833964169025421,0.6512506604194641,0.424678772687912,0.3144550621509552,0.6949572563171387,0.4720645248889923,-0.3542846739292145,0.766427218914032,0.33384037017822266,-0.1572481393814087,0.774258017539978,0.3624269962310791,0.10225947946310043,0.809483528137207,0.30903851985931396,-0.20966456830501556,0.8176303505897522,0.3371579647064209,0.09536335617303848,0.8076333999633789,0.2937760353088379,-0.1870458722114563,0.7960169911384583,0.321918249130249,0.07752252370119095,0.7791904211044312,0.30479133129119873,-0.16641072928905487,0.7700172662734985,0.33563369512557983,0.10831867158412933,0.41978195309638977,0.4996510148048401,0.2900432050228119,0.3998173773288727,0.489185631275177,-0.29084309935569763,0.7215254902839661,0.5575515627861023,0.21254517138004303,0.7498854398727417,0.5336428880691528,-0.3831726610660553,0.6867420077323914,0.7744821310043335,0.1567104607820511,0.663333535194397,0.7960634231567383,-0.34597644209861755,0.6413030028343201,0.813413143157959,0.1449888050556183,0.6151813864707947,0.8290685415267944,-0.3376805782318115,0.7937348484992981,0.8324962258338928,0.05983077734708786,0.785560667514801,0.8610211610794067,-0.4046454429626465,encorvado
0.24737170338630676,0.24060873687267303,-0.1842130422592163,0.25358688831329346,0.21598339080810547,-0.2524819076061249,0.2597067654132843,0.2150978147983551,-0.2530520558357239,0.26599979400634766,0.21412557363510132,-0.25297069549560547,0.24844694137573242,0.21458947658538818,-0.16528137028217316,0.25102582573890686,0.2126009166240692,-0.16621115803718567,0.25347116589546204,0.21053582429885864,-0.16659291088581085,0.3172976076602936,0.2032405138015747,-0.4367920458316803,0.2989940941333771,0.19938772916793823,-0.046108778566122055,0.27937328815460205,0.25681072473526,-0.23967944085597992,0.2695794105529785,0.25699159502983093,-0.13023656606674194,0.480022132396698,0.285987913608551,-0.5683227181434631,0.3797953128814697,0.2526370882987976,0.18711517751216888,0.44180142879486084,0.4608476758003235,-0.5114118456840515,0.3961459994316101,0.40148377418518066,0.09094978868961334,0.24798214435577393,0.39877989888191223,-0.13028587400913239,0.27348917722702026,0.3076183795928955,-0.2834365963935852,0.19516605138778687,0.4091673493385315,-0.14234858751296997,0.23002216219902039,0.2656315267086029,-0.3283243775367737,0.19456210732460022,0.38431400060653687,-0.1449723243713379,0.24159860610961914,0.2620933949947357,-0.3342248797416687,0.22077003121376038,0.3782172203063965,-0.11728030443191528,0.2576722502708435,0.2767925560474396,-0.30105021595954895,0.7264758348464966,0.49392881989479065,-0.24063138663768768,0.641717255115509,0.4506823420524597,0.24044080078601837,0.3789098858833313,0.5085657835006714,-0.295329749584198,0.3367711901664734,0.48219388723373413,0.09924603253602982,0.39931365847587585,0.7883599996566772,-0.19218602776527405,0.3528206944465637,0.7605859041213989,0.10513435304164886,0.4432130753993988,0.8207041025161743,-0.18598566949367523,0.39760053157806396,0.7939964532852173,0.10783011466264725,0.2837909460067749,0.8764352798461914,-0.2970390319824219,0.2639297544956207,0.8389632701873779,0.04402970150113106,encorvado
0.45763421058654785,0.34768345952033997,-0.1582547277212143,0.43800026178359985,0.33742690086364746,-0.20042310655117035,0.4395880103111267,0.33408838510513306,-0.20072107017040253,0.4407317042350769,0.33048152923583984,-0.20050698518753052,0.43512701988220215,0.33925551176071167,-0.1580769419670105,0.4343181848526001,0.3375980257987976,-0.15874198079109192,0.4332526922225952,0.3354388475418091,-0.15910615026950836,0.4525187611579895,0.30455756187438965,-0.28814876079559326,0.44650715589523315,0.3094250559806824,-0.09688904136419296,0.4828413128852844,0.3435700535774231,-0.17618553340435028,0.4808346629142761,0.3448353409767151,-0.12389761209487915,0.5442620515823364,0.3310144543647766,-0.42193853855133057,0.513444185256958,0.32910406589508057,0.08509625494480133,0.40907520055770874,0.45106518268585205,-0.48974665999412537,0.4226846694946289,0.4363889694213867,0.1512814313173294,0.24627617001533508,0.5614765286445618,-0.3653462827205658,0.27505967020988464,0.5492305159568787,0.1352546364068985,0.24563193321228027,0.6049919128417969,-0.4156801700592041,0.2840813398361206,0.582561194896698,0.13634979724884033,0.24220338463783264,0.6086858510971069,-0.39533621072769165,0.2738193869590759,0.5890101790428162,0.07570472359657288,0.2446727752685547,0.5937539339065552,-0.35493335127830505,0.2694742679595947,0.5767854452133179,0.10659223049879074,0.6945707201957703,0.5333002805709839,-0.1540571004152298,0.6787420511245728,0.512904703617096,0.1532975286245346,0.3382520079612732,0.5974125266075134,-0.15243135392665863,0.4115600883960724,0.6035557389259338,0.18723352253437042,0.27952373027801514,0.8105758428573608,-0.037935588508844376,0.34793490171432495,0.7893941402435303,0.25264814496040344,0.32456085085868835,0.8272339105606079,-0.020984506234526634,0.367861807346344,0.8134322166442871,0.26084697246551514,0.2197054624557495,0.8595632314682007,-0.024594424292445183,0.2732519209384918,0.8379349708557129,0.21259334683418274,encorvado
0.39753133058547974,0.42478060722351074,0.16757404804229736,0.4063514471054077,0.4059564173221588,0.16627603769302368,0.40263664722442627,0.4029681384563446,0.16555733978748322,0.39867568016052246,0.40007561445236206,0.1655564308166504,0.4084841012954712,0.40760737657546997,0.11596649140119553,0.4063170552253723,0.4059409499168396,0.11544179916381836,0.4039074778556824,0.4040888249874115,0.11510716378688812,0.37058061361312866,0.39175891876220703,0.1824365109205246,0.3742973804473877,0.3958689868450165,-0.043249599635601044,0.37565886974334717,0.43374860286712646,0.18573354184627533,0.37651416659355164,0.43376848101615906,0.11583145707845688,0.27440565824508667,0.44440776109695435,0.2988879382610321,0.29998961091041565,0.45239925384521484,-0.16935358941555023,0.3144261837005615,0.5414760112762451,0.5814788341522217,0.39098626375198364,0.5684760212898254,-0.11956800520420074,0.39777106046676636,0.6197526454925537,0.7923974394798279,0.4001171290874481,0.4460592269897461,0.21942482888698578,0.40192559361457825,0.6400068998336792,0.8565331101417542,0.41458743810653687,0.4185539186000824,0.2231692373752594,0.4082103371620178,0.6460337042808533,0.802070677280426,0.39795851707458496,0.4181770980358124,0.2200854867696762,0.3995838165283203,0.6427714824676514,0.7754942774772644,0.3879672884941101,0.4267503023147583,0.22029782831668854,0.22604966163635254,0.6437004804611206,0.17884042859077454,0.192095547914505,0.6561262011528015,-0.17948751151561737,0.5476853251457214,0.6022412776947021,0.2158127874135971,0.5429149270057678,0.6361889243125916,-0.1563805341720581,0.7766225337982178,0.7181142568588257,0.08037314563989639,0.41654255986213684,0.8168965578079224,0.033337585628032684,0.7779590487480164,0.7531624436378479,0.060721255838871,0.36021512746810913,0.8244457244873047,0.06182292476296425,0.8873792886734009,0.723041296005249,0.0024396630469709635,0.45568031072616577,0.8966218829154968,0.08210335671901703,encorvado
0.4776853322982788,0.21079325675964355,-0.14301249384880066,0.48655936121940613,0.18713143467903137,-0.18067122995853424,0.4912760257720947,0.18582937121391296,-0.18104557693004608,0.49596691131591797,0.18469801545143127,-0.18096791207790375,0.4817318916320801,0.18751570582389832,-0.11965680122375488,0.48268407583236694,0.18637654185295105,-0.1202210858464241,0.4837264120578766,0.18474739789962769,-0.12048517912626266,0.5306190252304077,0.18519756197929382,-0.2679382562637329,0.5138372778892517,0.18351203203201294,0.007549581583589315,0.49523454904556274,0.22666960954666138,-0.16528232395648956,0.4860701560974121,0.22809943556785583,-0.08914239704608917,0.6160125136375427,0.29762032628059387,-0.35079634189605713,0.5260684490203857,0.30348411202430725,0.2370057851076126,0.6419066190719604,0.47364023327827454,-0.3659595251083374,0.5130170583724976,0.41103968024253845,0.41950568556785583,0.5183220505714417,0.4921092391014099,-0.24241699278354645,0.4227009415626526,0.3368595838546753,0.35726580023765564,0.4902569651603699,0.5177475214004517,-0.26430046558380127,0.39014893770217896,0.31625157594680786,0.35179847478866577,0.47996798157691956,0.5044847726821899,-0.25717830657958984,0.3878903090953827,0.30335021018981934,0.3241313695907593,0.4874200224876404,0.49752506613731384,-0.23046231269836426,0.40232205390930176,0.31050410866737366,0.33886852860450745,0.6201087832450867,0.575543999671936,-0.17274342477321625,0.5661442279815674,0.5542891025543213,0.17275938391685486,0.4045039415359497,0.5641021132469177,-0.24315135180950165,0.3629910945892334,0.5403020977973938,0.11789223551750183,0.45906490087509155,0.7971509695053101,-0.0075729722157120705,0.2986356019973755,0.7467648386955261,0.13565434515476227,0.4833448529243469,0.8172745704650879,0.015521853230893612,0.3144506514072418,0.7903567552566528,0.134541317820549,0.39892685413360596,0.8662030696868896,-0.02864821068942547,0.19903293251991272,0.7770260572433472,0.07192014157772064,cruzado
0.5098506212234497,0.14259469509124756,-0.13180212676525116,0.5312429666519165,0.12254956364631653,-0.06797147542238235,0.5487619042396545,0.12126338481903076,-0.0682537630200386,0.5618818998336792,0.12089899182319641,-0.06799904257059097,0.49223077297210693,0.12859591841697693,-0.06239144131541252,0.47917914390563965,0.13156664371490479,-0.06324771046638489,0.468066930770874,0.13398060202598572,-0.06361749023199081,0.589425802230835,0.13373160362243652,0.2032824456691742,0.46661585569381714,0.14827245473861694,0.23059004545211792,0.5384297966957092,0.1632010042667389,-0.03382569178938866,0.49801111221313477,0.16523072123527527,-0.03034009411931038,0.733727753162384,0.2604520916938782,0.2519022524356842,0.37896379828453064,0.23574012517929077,0.2596263587474823,0.8494207859039307,0.4146276116371155,0.06048080325126648,0.1632780134677887,0.14219841361045837,-0.0647321492433548,0.7685253620147705,0.496414452791214,-0.32042765617370605,0.3901650309562683,0.1518084704875946,-0.36238446831703186,0.7765687108039856,0.5264094471931458,-0.40450647473335266,0.4494931697845459,0.14702975749969482,-0.45188018679618835,0.7499034404754639,0.5125296115875244,-0.4293522536754608,0.4622592329978943,0.16047710180282593,-0.4153286814689636,0.7426559925079346,0.502365231513977,-0.3337653875350952,0.4368650019168854,0.16487661004066467,-0.3578346371650696,0.6305644512176514,0.5052834153175354,-0.00688448641449213,0.43920645117759705,0.49720215797424316,0.0059196255169808865,0.677052915096283,0.3369835615158081,-0.696038007736206,0.4544699192047119,0.529416561126709,-1.049262523651123,0.28769606351852417,0.5280031561851501,-0.9734011888504028,0.49339759349823,0.8268572688102722,-1.008058786392212,0.22861388325691223,0.5700433254241943,-1.0140182971954346,0.5107105374336243,0.8664306998252869,-1.0034977197647095,0.1381661295890808,0.5418473482131958,-1.4273213148117065,0.4874519109725952,0.9162132143974304,-1.3710851669311523,cruzado
0.4256521463394165,0.15762782096862793,-0.4127585291862488,0.4450967609882355,0.1342669129371643,-0.37452706694602966,0.45607423782348633,0.13370510935783386,-0.3749888837337494,0.46673160791397095,0.1340070366859436,-0.3748961091041565,0.430185467004776,0.13570094108581543,-0.33247992396354675,0.4281793236732483,0.13553938269615173,-0.3333907723426819,0.42587652802467346,0.13527396321296692,-0.3340395390987396,0.5265429615974426,0.14250561594963074,-0.14014285802841187,0.44869664311408997,0.14031469821929932,0.0476076602935791,0.45550647377967834,0.1752638816833496,-0.32150784134864807,0.42922285199165344,0.17718416452407837,-0.27176010608673096,0.6909386515617371,0.2545807957649231,-0.04014047235250473,0.3577180504798889,0.25929445028305054,0.19847269356250763,0.8802708983421326,0.38268303871154785,-0.24094095826148987,0.2889088988304138,0.4212350845336914,-0.13861605525016785,0.7303313612937927,0.4737466871738434,-0.6543862223625183,0.4440554678440094,0.4384971857070923,-0.8647523522377014,0.6902654767036438,0.4896358549594879,-0.7612234354019165,0.4810284376144409,0.4590738117694855,-1.0229878425598145,0.6738573908805847,0.4742932915687561,-0.7914798855781555,0.5134477019309998,0.4401925206184387,-1.0097018480300903,0.6762632727622986,0.4703960716724396,-0.6681444048881531,0.5093351602554321,0.4350150525569916,-0.8775127530097961,0.5987067818641663,0.5493616461753845,-0.09263255447149277,0.41317644715309143,0.5380170345306396,0.09180553257465363,0.4124726951122284,0.586595892906189,-1.1735403537750244,0.3114992082118988,0.4419810473918915,-1.010697841644287,0.4284435510635376,0.8313651084899902,-1.1692053079605103,0.5443772673606873,0.6868786811828613,-1.0798792839050293,0.4603467881679535,0.8704379200935364,-1.17730712890625,0.5958778262138367,0.7170369625091553,-1.0886285305023193,0.31027036905288696,0.940719485282898,-1.6189157962799072,0.6321792602539062,0.7578834891319275,-1.4664032459259033,cruzado
0.6851481199264526,0.16625237464904785,-0.05912312865257263,0.6954198479652405,0.14272907376289368,-0.1191399022936821,0.7011263370513916,0.14218002557754517,-0.11952510476112366,0.7060109972953796,0.14133167266845703,-0.11961459368467331,0.6924969553947449,0.14211058616638184,-0.021288061514496803,0.6959167718887329,0.14094147086143494,-0.021835964173078537,0.7001162171363831,0.1393008530139923,-0.022144947201013565,0.7486939430236816,0.14021986722946167,-0.2732944190502167,0.7443295121192932,0.14007142186164856,0.16849274933338165,0.7019326686859131,0.1873674988746643,-0.10227932780981064,0.6995821595191956,0.18850138783454895,0.02076294645667076,0.7968613505363464,0.2730575203895569,-0.5252999663352966,0.7662723064422607,0.28212714195251465,0.49422797560691833,0.7364418506622314,0.4578208327293396,-0.5580241680145264,0.6826607584953308,0.43736547231674194,0.5077796578407288,0.584034264087677,0.5370618104934692,-0.2838745415210724,0.569538950920105,0.519692599773407,0.14211802184581757,0.546855628490448,0.5512518286705017,-0.31721192598342896,0.5316238403320312,0.5364488363265991,0.10234895348548889,0.539408802986145,0.5403638482093811,-0.3032258450984955,0.5312970280647278,0.5302171111106873,0.044634394347667694,0.5555915832519531,0.5319985747337341,-0.26374632120132446,0.5446900129318237,0.5249667763710022,0.09949876368045807,0.6880932450294495,0.5972682237625122,-0.3166823983192444,0.6596235036849976,0.5927811861038208,0.3163759112358093,0.3404325544834137,0.5403567552566528,-0.24390004575252533,0.370622843503952,0.6538205146789551,0.33091819286346436,0.313276469707489,0.7128892540931702,0.4234301447868347,0.3476618528366089,0.8909893035888672,0.5146729350090027,0.34777072072029114,0.7440108060836792,0.49394550919532776,0.3767029345035553,0.9316665530204773,0.5303393602371216,0.20320653915405273,0.7385283708572388,0.5504074692726135,0.21351134777069092,0.9280729293823242,0.48054927587509155,cruzado
0.5005963444709778,0.22389712929725647,-0.44873160123825073,0.5159502029418945,0.20250394940376282,-0.43811848759651184,0.5278331637382507,0.20165321230888367,-0.43864351511001587,0.5379601716995239,0.20136386156082153,-0.4383886456489563,0.4971880614757538,0.20258313417434692,-0.3920738697052002,0.4929276704788208,0.2021789252758026,-0.39282354712486267,0.4879835844039917,0.20167508721351624,-0.39333248138427734,0.5763572454452515,0.202560156583786,-0.29792940616607666,0.5059888362884521,0.20139238238334656,-0.09269073605537415,0.5265626907348633,0.24017202854156494,-0.3878121078014374,0.4982580840587616,0.24042341113090515,-0.3332909345626831,0.6873606443405151,0.3131745457649231,-0.3313973844051361,0.46285027265548706,0.2706622779369354,0.12467465549707413,0.6152653098106384,0.45231544971466064,-0.478985458612442,0.36465543508529663,0.3287378251552582,-0.20641368627548218,0.4064399302005768,0.4592263996601105,-0.6302181482315063,0.3546828329563141,0.38625478744506836,-0.8557684421539307,0.3465750217437744,0.48066920042037964,-0.7203245162963867,0.33817899227142334,0.41743728518486023,-0.9788395166397095,0.3382320702075958,0.45882129669189453,-0.7328826785087585,0.349500834941864,0.41824737191200256,-0.9911705255508423,0.3548023998737335,0.4522690773010254,-0.6315842866897583,0.3632506728172302,0.4141460955142975,-0.8813974261283875,0.6185295581817627,0.5287044048309326,-0.15853828191757202,0.4813733994960785,0.5064755082130432,0.15819001197814941,0.4231951832771301,0.6107020378112793,-0.9131916165351868,0.28004613518714905,0.41377946734428406,-0.29842934012413025,0.3811752200126648,0.8590024709701538,-1.128929615020752,0.4836369454860687,0.5845409631729126,-0.23888203501701355,0.40320301055908203,0.8915836215019226,-1.1617597341537476,0.5362275242805481,0.6050435304641724,-0.23813496530056,0.27213889360427856,0.9481503963470459,-1.5673075914382935,0.4569401144981384,0.6450874209403992,-0.45854395627975464,cruzado
0.6994967460632324,0.2871602475643158,-0.34960946440696716,0.7151550054550171,0.2709583044052124,-0.403004914522171,0.7222874164581299,0.27144643664360046,-0.4034614562988281,0.7281988859176636,0.2716744840145111,-0.4034627676010132,0.7074853181838989,0.2694236934185028,-0.3176920413970947,0.7078496813774109,0.26865333318710327,-0.31821006536483765,0.7082976698875427,0.2674861252307892,-0.31847453117370605,0.7692176699638367,0.27815374732017517,-0.518424928188324,0.753036379814148,0.27501532435417175,-0.12944483757019043,0.7148954272270203,0.3045109510421753,-0.37806373834609985,0.7044186592102051,0.3040079176425934,-0.26957738399505615,0.8233566284179688,0.38269513845443726,-0.6542850136756897,0.7598929405212402,0.370596706867218,0.18057772517204285,0.7712104320526123,0.5321828722953796,-0.7805323600769043,0.7400705218315125,0.517447292804718,0.269907683134079,0.7126818895339966,0.6637616753578186,-0.7376535534858704,0.688267171382904,0.6214480400085449,0.12679935991764069,0.7157304286956787,0.7053086757659912,-0.8094712495803833,0.667395830154419,0.6511445641517639,0.10590662807226181,0.6842873692512512,0.7046365737915039,-0.8147745132446289,0.6615239381790161,0.6480693817138672,0.05287373811006546,0.6805907487869263,0.6892845630645752,-0.7334830164909363,0.6632387042045593,0.6340705752372742,0.09514470398426056,0.720190167427063,0.6089657545089722,-0.2619258463382721,0.6790804266929626,0.5852387547492981,0.26166245341300964,0.44198155403137207,0.6156028509140015,-0.3573095202445984,0.42915207147598267,0.536252498626709,0.23681873083114624,0.44282346963882446,0.8025323152542114,0.007781458552926779,0.2523879110813141,0.6904138922691345,0.5081914067268372,0.4822591543197632,0.8443431854248047,0.038890253752470016,0.26334258913993835,0.7339948415756226,0.5281885862350464,0.3095395565032959,0.8450557589530945,-0.05347160995006561,0.09340637922286987,0.7071388959884644,0.4723891317844391,cruzado
0.6422216892242432,0.28631314635276794,-0.12468619644641876,0.6430976390838623,0.26669737696647644,-0.09247425943613052,0.6420783996582031,0.26522448658943176,-0.09319490194320679,0.6412869691848755,0.2635595500469208,-0.09321121126413345,0.63783860206604,0.2650570571422577,-0.16093388199806213,0.631881833076477,0.2618708610534668,-0.16156187653541565,0.6260485649108887,0.25876790285110474,-0.16175170242786407,0.6042017936706543,0.25247615575790405,0.056863803416490555,0.591973066329956,0.24857553839683533,-0.24414151906967163,0.620234489440918,0.29645365476608276,-0.0611434280872345,0.6110122203826904,0.2935233414173126,-0.15205973386764526,0.5470089912414551,0.3372955620288849,0.2843630015850067,0.45993301272392273,0.33570823073387146,-0.4034269452095032,0.531397819519043,0.43855714797973633,0.451550155878067,0.4176977276802063,0.4785115122795105,-0.4799747169017792,0.6535202860832214,0.46051228046417236,0.34468311071395874,0.600001871585846,0.5222010016441345,-0.44232210516929626,0.6826885938644409,0.46768054366111755,0.34335586428642273,0.6392707228660583,0.5482764840126038,-0.5081281065940857,0.6921135783195496,0.4664461612701416,0.2796646058559418,0.6570823788642883,0.5335094332695007,-0.4946203827857971,0.6783849000930786,0.4653661251068115,0.3151026666164398,0.6452746987342834,0.5227866172790527,-0.43594300746917725,0.4000929296016693,0.5305989980697632,0.23127035796642303,0.3308844268321991,0.5457877516746521,-0.2314104288816452,0.6257384419441223,0.5699926614761353,0.3391440510749817,0.624710738658905,0.5865539908409119,-0.20942160487174988,0.5978327989578247,0.5395347476005554,-0.016805259510874748,0.6127222180366516,0.7896621823310852,-0.10517621785402298,0.5586013793945312,0.5528902411460876,-0.06057339161634445,0.570256233215332,0.8192746639251709,-0.08817952871322632,0.6806895136833191,0.5209997892379761,-0.13285692036151886,0.7427819967269897,0.8271422982215881,-0.10880214720964432,cruzado
0.24870619177818298,0.09709081053733826,0.05990723893046379,0.2304914891719818,0.07663869857788086,0.10662991553544998,0.23251497745513916,0.07310739159584045,0.10617353022098541,0.23421742022037506,0.06976211071014404,0.10632763803005219,0.22134929895401,0.0888412594795227,0.056122489273548126,0.21664752066135406,0.09460648894309998,0.055584121495485306,0.21068575978279114,0.10157421231269836,0.0553196556866169,0.22071748971939087,0.09513339400291443,0.32550138235092163,0.19094283878803253,0.1297227144241333,0.10023710876703262,0.2609352171421051,0.11210376024246216,0.1479206383228302,0.24740128219127655,0.12559470534324646,0.07995551079511642,0.28435617685317993,0.20619574189186096,0.5053191781044006,0.18698497116565704,0.23513281345367432,-0.011089502833783627,0.3621496856212616,0.37224918603897095,0.6318100094795227,0.3085594177246094,0.34156477451324463,-0.19876810908317566,0.4130338430404663,0.510266125202179,0.5383176803588867,0.25483670830726624,0.17408758401870728,-0.30475521087646484,0.43098628520965576,0.547405481338501,0.5477145910263062,0.2392810732126236,0.1385049819946289,-0.3568890690803528,0.4320904314517975,0.5394457578659058,0.5016337037086487,0.22271369397640228,0.13952776789665222,-0.3441757261753082,0.4216669797897339,0.5258123874664307,0.5186804533004761,0.22978800535202026,0.15198218822479248,-0.30213218927383423,0.43450671434402466,0.4888065457344055,0.1814202070236206,0.3562365770339966,0.5310454368591309,-0.1817583590745926,0.6924743056297302,0.5220566391944885,-0.1410353183746338,0.4673430919647217,0.5355749726295471,-0.5290446281433105,0.719063937664032,0.8426823616027832,-0.2459404021501541,0.6837115287780762,0.5400692820549011,-0.3381822109222412,0.6884782314300537,0.8935790061950684,-0.25664642453193665,0.6815435886383057,0.5999083518981934,-0.3069782257080078,0.8307523727416992,0.8905701041221619,-0.38637447357177734,0.8058071136474609,0.5443726778030396,-0.3665829300880432,cruzado
0.5922719836235046,0.17020070552825928,-0.2768741250038147,0.6048228144645691,0.15354344248771667,-0.24876542389392853,0.6146602034568787,0.15376633405685425,-0.24906499683856964,0.6239904761314392,0.15477091073989868,-0.24888688325881958,0.5791818499565125,0.15423357486724854,-0.23069818317890167,0.5720722675323486,0.1543947160243988,-0.23127688467502594,0.5662845373153687,0.154287189245224,-0.23165078461170197,0.6352047324180603,0.16132771968841553,-0.061005380004644394,0.5630468130111694,0.15951982140541077,0.017202608287334442,0.6091591119766235,0.18627017736434937,-0.2024461179971695,0.5801056027412415,0.1867307722568512,-0.18298545479774475,0.7104762196540833,0.2537299692630768,-0.061422690749168396,0.5143882632255554,0.2643463611602783,0.23472419381141663,0.7252845168113708,0.4063737690448761,-0.06631769984960556,0.39287513494491577,0.3441559970378876,0.15560834109783173,0.7095522284507751,0.5380997061729431,-0.1550714522600174,0.26613152027130127,0.35714250802993774,-0.18938663601875305,0.7111158967018127,0.576352596282959,-0.19459962844848633,0.23713424801826477,0.3813138008117676,-0.2501589357852936,0.6836529970169067,0.5778465867042542,-0.23640336096286774,0.24299120903015137,0.3754923641681671,-0.3004370331764221,0.6762914657592773,0.5652267336845398,-0.17131485044956207,0.2562277019023895,0.3668277859687805,-0.2233085334300995,0.5656697750091553,0.476901113986969,-0.13603311777114868,0.4808369278907776,0.4687040150165558,0.13558830320835114,0.34510326385498047,0.3235768973827362,-0.18593363463878632,0.24033582210540771,0.4793979823589325,-0.04732837155461311,0.21205198764801025,0.5036569833755493,0.14989447593688965,0.3424240052700043,0.6743033528327942,0.13576707243919373,0.2273682951927185,0.526767909526825,0.1877395361661911,0.380024790763855,0.6857219934463501,0.1579243391752243,0.09585276246070862,0.5507671236991882,0.12119705229997635,0.3498304784297943,0.7838069200515747,0.03406861051917076,cruzado
0.6100426316261292,0.40358486771583557,-0.40182945132255554,0.6180041432380676,0.39420902729034424,-0.38203051686286926,0.6236247420310974,0.3945329487323761,-0.38232651352882385,0.627127468585968,0.3948326110839844,-0.38210079073905945,0.5979722738265991,0.39454036951065063,-0.36928677558898926,0.5910594463348389,0.39517897367477417,-0.3696865737438202,0.5841489434242249,0.3963201642036438,-0.3699171543121338,0.6285642385482788,0.40144824981689453,-0.2600291967391968,0.5734148025512695,0.4016727805137634,-0.19564931094646454,0.6209103465080261,0.415057897567749,-0.353359580039978,0.5958386063575745,0.41527003049850464,-0.3374176025390625,0.6665817499160767,0.47479063272476196,-0.24672932922840118,0.5278201103210449,0.46784645318984985,-0.00846412405371666,0.6842151880264282,0.561372697353363,-0.22017256915569305,0.4252786934375763,0.4980759024620056,0.007314820308238268,0.6484270095825195,0.6438048481941223,-0.28000587224960327,0.3167635500431061,0.5098526477813721,-0.18736141920089722,0.649865448474884,0.6664769053459167,-0.3095824718475342,0.2887350618839264,0.5265767574310303,-0.2217961847782135,0.634373664855957,0.6682596206665039,-0.35798999667167664,0.29261714220046997,0.5279580950737,-0.27546054124832153,0.6315841674804688,0.6604160070419312,-0.29784271121025085,0.3029911518096924,0.5243956446647644,-0.21603597700595856,0.5521727204322815,0.5880891680717468,-0.11964747309684753,0.4890845715999603,0.5700416564941406,0.11922045797109604,0.3995373249053955,0.629290759563446,-0.39706891775131226,0.3320896029472351,0.5186185240745544,-0.04052266478538513,0.28090518712997437,0.7476463317871094,-0.4945499897003174,0.43056365847587585,0.6146126389503479,0.008588767610490322,0.27974122762680054,0.772681713104248,-0.5099440813064575,0.4569362699985504,0.6349775791168213,0.011577527970075607,0.18433141708374023,0.7652196288108826,-0.7065222263336182,0.38078224658966064,0.6488566398620605,-0.08446906507015228,cruzado
0.5989030599594116,0.31296437978744507,-0.6654810905456543,0.6212974786758423,0.3036193251609802,-0.6063017249107361,0.6279821395874023,0.30826714634895325,-0.6068806052207947,0.6356673240661621,0.3138938844203949,-0.6067808866500854,0.6015231609344482,0.29250285029411316,-0.6168222427368164,0.5958651900291443,0.2886415123939514,-0.6175388097763062,0.5895113945007324,0.28496021032333374,-0.6178677082061768,0.6361256241798401,0.32227641344070435,-0.309691846370697,0.5765351057052612,0.2849113345146179,-0.3652362525463104,0.5989567041397095,0.3316037058830261,-0.5506720542907715,0.5753744840621948,0.3201698064804077,-0.5716806650161743,0.6414241790771484,0.405681312084198,-0.13524778187274933,0.4779726266860962,0.3275705873966217,-0.283707857131958,0.7105210423469543,0.5066705346107483,-0.07109663635492325,0.5204636454582214,0.20792540907859802,-0.5513293743133545,0.7387993931770325,0.6199876666069031,-0.2126467078924179,0.6475207805633545,0.1251164674758911,-0.7909830808639526,0.7463086247444153,0.6485406160354614,-0.23557184636592865,0.693978488445282,0.1206316351890564,-0.897676408290863,0.7299708724021912,0.6517626047134399,-0.3169703483581543,0.7035902738571167,0.12522992491722107,-0.8720133900642395,0.7198503017425537,0.6422346830368042,-0.24342624843120575,0.6900315284729004,0.1309988796710968,-0.7952300906181335,0.5500459671020508,0.5925034880638123,0.05468640848994255,0.42934074997901917,0.5775653123855591,-0.055192980915308,0.5572644472122192,0.6808770298957825,-0.7423039674758911,0.40563246607780457,0.6746972799301147,-0.9336414933204651,0.5430253744125366,0.8641743659973145,-0.44622132182121277,0.39144209027290344,0.8549013137817383,-0.6044805645942688,0.5285834074020386,0.8837974071502686,-0.4296891689300537,0.39902687072753906,0.8759686946868896,-0.5810731053352356,0.5471801161766052,0.9349802732467651,-0.7497698664665222,0.3861539363861084,0.9397014379501343,-0.9004619717597961,inclinado
0.290027379989624,0.33352410793304443,-0.2771776616573334,0.2848324775695801,0.31694740056991577,-0.31401526927948,0.2903400659561157,0.3139241933822632,-0.3143637478351593,0.2954038679599762,0.3110521733760834,-0.31426456570625305,0.27670228481292725,0.31927725672721863,-0.2478105127811432,0.2753547430038452,0.3181363344192505,-0.24845099449157715,0.2735157907009125,0.31647586822509766,-0.24871429800987244,0.3273898959159851,0.2950073480606079,-0.36768433451652527,0.3045702576637268,0.30064842104911804,-0.06982964277267456,0.3214825689792633,0.3368368148803711,-0.284504771232605,0.31027835607528687,0.34203189611434937,-0.2024545520544052,0.46892261505126953,0.3493202328681946,-0.44572824239730835,0.3829479217529297,0.34622636437416077,0.19488416612148285,0.6796879172325134,0.39897388219833374,-0.48445212841033936,0.535739541053772,0.42400527000427246,0.3863591253757477,0.6198596358299255,0.5036418437957764,-0.3981979191303253,0.5297353267669678,0.49222293496131897,0.3344305455684662,0.6225455403327942,0.5328859090805054,-0.43218764662742615,0.540028989315033,0.5125396251678467,0.32079800963401794,0.592082679271698,0.5292448401451111,-0.4300285279750824,0.5112054944038391,0.5067265033721924,0.2718772292137146,0.5924692153930664,0.5193005204200745,-0.3883974254131317,0.5115134119987488,0.5020003914833069,0.3081444799900055,0.6156634092330933,0.5697757601737976,-0.21912209689617157,0.5491620302200317,0.5490983724594116,0.21870651841163635,0.26376965641975403,0.6307811737060547,-0.2844845652580261,0.2489665150642395,0.6291536092758179,0.13893745839595795,0.3153822720050812,0.8262014389038086,-0.06365200132131577,0.3070385158061981,0.8154546618461609,0.21831341087818146,0.3607423007488251,0.8457273244857788,-0.03938550129532814,0.35336196422576904,0.8410042524337769,0.22518621385097504,0.21279636025428772,0.8897340893745422,-0.09023133665323257,0.2109302580356598,0.8801541924476624,0.16686084866523743,inclinado
